"Bat ID","Last 4 digits","Site","Sampling Date","Luminex Date","Species","Age","Sex","Repro Status","Weight (g)","Forearm (mm)","EBOV","MARV","logEBOV","logMARV","logEBOVrs","logMARVrs"
"301",NA,"Accra Zoo",2012-01-31 00:00:00,"2017-09-03","E. helvum","A","M","NRS",NA,NA,21,12,3.04452243772342,2.484906649788,0.0729778576477539,0.101764707861572
"958…1037",NA,"Accra Zoo",2012-01-31 00:00:00,"2017-09-03","E. helvum","A","F","P",NA,NA,26,6.25,3.25809653802148,1.83258146374831,0.10767026758827,-0.0247257286577688
"A001",NA,"Accra Zoo",2012-01-31 00:00:00,"2017-09-03","E. helvum","J","M","NRS",NA,NA,27,11,3.29583686600433,2.39789527279837,0.113800706287734,0.0848925905600985
"A004",NA,"Accra Zoo",2012-01-31 00:00:00,"2017-09-03","E. helvum","J","F","NRS",NA,NA,15,10,2.70805020110221,2.30258509299405,0.018322200664183,0.0664112770891629
"A055",NA,NA,NA,"2017-09-03",NA,"SA","M","NRS",NA,NA,17,9.5,2.83321334405622,2.2512917986065,0.0386533693721111,0.0564651469435739
"A057",NA,"Accra Zoo",2012-01-31 00:00:00,"2017-09-03","E. helvum","J","F","NRS",NA,NA,18,10,2.89037175789616,2.30258509299405,0.0479380303947622,0.0664112770891629
"A058",NA,"Accra Zoo",2012-01-31 00:00:00,"2017-09-03","E. helvum","SA","M","NRS",NA,NA,18.5,6.75,2.91777073208428,1.90954250488444,0.0523886470339387,-0.00980244208747297
"A059",NA,"Accra Zoo",2012-01-31 00:00:00,"2017-09-03","E. helvum","A","F","P",NA,NA,16,7.25,2.77258872223978,1.98100146886658,0.0288056667264751,0.00405395306752167
"A060",NA,"Accra Zoo",2012-01-31 00:00:00,"2017-09-03","E. helvum","J","F","NRS",NA,NA,24,10.25,3.17805383034795,2.32727770558442,0.0946683426194471,0.0711993481497351
"A061",NA,"Accra Zoo",2012-01-31 00:00:00,"2017-09-03","E. helvum","J","M","NRS",NA,NA,11.5,9.25,2.4423470353692,2.22462355152433,-0.0248379162939973,0.0512939864751155
"A062",NA,"Accra Zoo",2012-01-31 00:00:00,"2017-09-03","E. helvum","SA","M","NRS",NA,NA,15,7.5,2.70805020110221,2.01490302054226,0.018322200664183,0.0106277021146403
"A063",NA,"Accra Zoo",2012-01-31 00:00:00,"2017-09-03","E. helvum","SA","M","NRS",NA,NA,16.75,6,2.81839825827108,1.79175946922805,0.0362468461623927,-0.0326414001923997
"A064",NA,"Accra Zoo",2012-01-31 00:00:00,"2017-09-03","E. helvum","A","F","P",NA,NA,12,9,2.484906649788,2.19722457733622,-0.0179246454982097,0.0459811328870495
"A066",NA,"Accra Zoo",2012-01-31 00:00:00,"2017-09-03","E. helvum","SA","M","NRS",NA,NA,21.5,7.25,3.06805293513362,1.98100146886658,0.0768000891876243,0.00405395306752167
"A067",NA,"Accra Zoo",2012-01-31 00:00:00,"2017-09-03","E. helvum","A","M","NRS",NA,NA,29.25,9.25,3.37587957367787,2.22462355152433,0.126802631256557,0.0512939864751155
"A069",NA,"Accra Zoo",2012-01-31 00:00:00,"2017-10-03","E. helvum","J","M","NRS",NA,NA,16,8.25,2.77258872223978,2.11021320034659,-0.0425098150482464,0.0116421173976855
"A070",NA,"Accra Zoo",2012-01-31 00:00:00,"2017-10-03","E. helvum","J","F","NRS",NA,NA,16.5,8,2.80336038090653,2.07944154167984,-0.0372317414287924,0.00591202755148053
"A071 A",NA,"Accra Zoo",2012-01-31 00:00:00,"2017-10-03","E. helvum","J","F","NRS",NA,NA,44,8.5,3.78418963391826,2.14006616349627,0.131003876337996,0.0172011339874522
"A073",NA,"Accra Zoo",2012-01-31 00:00:00,"2017-10-03","E. helvum","A","F","P",NA,NA,44,17.75,3.78418963391826,2.87638551592142,0.131003876337996,0.154313536363542
"A074",NA,"Accra Zoo",2012-01-31 00:00:00,"2017-10-03","E. helvum","J","F","NRS",NA,NA,18.25,11.5,2.9041650800285,2.4423470353692,-0.0199413305050713,0.073489830459069
"A075",NA,"Accra Zoo",2012-01-31 00:00:00,"2017-10-03","E. helvum","A","F","P",NA,NA,43,11,3.76120011569356,2.39789527279837,0.127060625472652,0.0652123243255356
"A076",NA,"Accra Zoo",2012-01-31 00:00:00,"2017-10-03","E. helvum","A","F","NRS",NA,NA,27.25,11,3.30505352110925,2.39789527279837,0.0488206016392779,0.0652123243255356
"A077",NA,"Accra Zoo",2012-01-31 00:00:00,"2017-10-03","E. helvum","A","M","NRS",NA,NA,29.25,11.5,3.37587957367787,2.4423470353692,0.0609689594408789,0.073489830459069
"A078",NA,"Accra Zoo",2012-01-31 00:00:00,"2017-10-03","E. helvum","J","M","NRS",NA,NA,19.5,7.5,2.9704144655697,2.01490302054226,-0.0085779802899644,-0.00610589870541751
"A080",NA,"Accra Zoo",2012-01-31 00:00:00,"2017-10-03","E. helvum","J","F","NRS",NA,NA,12.5,10.5,2.52572864430826,2.35137525716348,-0.0848522080644049,0.0565496821156504
"A083",NA,"Accra Zoo",2012-01-31 00:00:00,"2017-10-03","E. helvum","A","M","NRS",NA,NA,24.5,11.25,3.19867311755068,2.42036812865043,0.0305738243780959,0.069397067323229
"A084",NA,"Accra Zoo",2012-01-31 00:00:00,"2017-10-03","E. helvum","A","M","NRS",NA,NA,31,6,3.43398720448515,1.79175946922805,0.070935804471051,-0.0476581793763694
"A085",NA,"Accra Zoo",2012-01-31 00:00:00,"2017-10-03","E. helvum","J","F","NRS",NA,NA,18.5,10.25,2.91777073208428,2.32727770558442,-0.0176076365703774,0.0520623992844925
"A086",NA,"Accra Zoo",2012-01-31 00:00:00,"2017-10-03","E. helvum","J","F","NRS",NA,NA,27.75,9,3.32323584019244,2.19722457733622,0.0519393031604659,0.0278447866522771
"A087",NA,"Accra Zoo",2012-01-31 00:00:00,"2017-10-03","E. helvum",NA,NA,"NRS",NA,NA,22.25,8,3.10234200861225,2.07944154167984,0.01405074090291,0.00591202755148053
"A088",NA,"Accra Zoo",2012-01-31 00:00:00,"2017-10-03","E. helvum","J","F","NRS",NA,NA,23.75,9,3.16758253048065,2.19722457733622,0.0252410469284043,0.0278447866522771
"A090",NA,"Accra Zoo",2012-01-31 00:00:00,"2017-10-03","E. helvum","A","M","NRS",NA,NA,22.25,8.25,3.10234200861225,2.11021320034659,0.01405074090291,0.0116421173976855
"A091",NA,"Accra Zoo",2012-01-31 00:00:00,"2017-10-03","E. helvum","A","F","NRS",NA,NA,22.75,7.75,3.12456514539696,2.04769284336526,0.0178625390667713,0
"A092",NA,"Accra Zoo",2012-01-31 00:00:00,"2017-10-03","E. helvum","A","M","NRS",NA,NA,30,14.75,3.40119738166216,2.69124308278583,0.0653115675489254,0.119837566520611
"A093",NA,"Accra Zoo",2012-01-31 00:00:00,"2017-10-03","E. helvum","UNK","UNK","NRS",NA,NA,30.25,9.25,3.40949618447685,2.22462355152433,0.0667350102266066,0.0329468380396263
"A097",NA,"Accra Zoo",2012-01-31 00:00:00,"2017-10-03","E. helvum","J","F","NRS",NA,NA,111.5,8.5,4.71402459090017,2.14006616349627,0.290492755700708,0.0172011339874522
"A098",NA,"Accra Zoo",2012-01-31 00:00:00,"2017-10-03","E. helvum","A","F","P",NA,NA,20,8.25,2.99573227355399,2.11021320034659,-0.00423537218191787,0.0116421173976855
"A102",NA,"Accra Zoo",2012-01-31 00:00:00,"2017-10-03","E. helvum","A","F","P",NA,NA,21.5,10.5,3.06805293513362,2.35137525716348,0.00816934672383622,0.0565496821156504
"A105",NA,"Accra Zoo",2012-01-31 00:00:00,"2017-10-03","E. helvum","A","M","NRS",NA,NA,37.5,14.25,3.62434093297637,2.65675690671466,0.103586010415254,0.113415784403505
"A106",NA,"Accra Zoo",2012-01-31 00:00:00,"2017-10-03","E. helvum","A","F","NRS",NA,NA,24.5,13.5,3.19867311755068,2.60268968544438,0.0305738243780959,0.103347752680924
"A110",NA,"Accra Zoo",2012-01-31 00:00:00,"2017-10-03","E. helvum","A","M","NRS",NA,NA,960.75,14,6.86771422944495,2.63905732961526,0.659901911989586,0.1101198890435
"A111",NA,"Accra Zoo",2012-01-31 00:00:00,"2017-10-03","E. helvum","A","F","P",NA,NA,96.25,13.75,4.56694897316789,2.62103882411258,0.265265778291903,0.106764604996488
"A112",NA,"Accra Zoo",2012-01-31 00:00:00,"2017-10-03","E. helvum","A","M","NRS",NA,NA,17.5,5.25,2.86220088092947,1.65822807660353,-0.0271391918431545,-0.072523490840846
"A114",NA,"Accra Zoo",2012-01-31 00:00:00,"2017-10-03","E. helvum","A","M","NRS",NA,NA,25.5,11,3.23867845216438,2.39789527279837,0.0374356937218543,0.0652123243255356
"A115",NA,"Accra Zoo",2012-01-31 00:00:00,"2017-10-03","E. helvum","A","M","NRS",NA,NA,22.5,8,3.11351530921037,2.07944154167984,0.015967228530953,0.00591202755148053
"A119",NA,"Accra Zoo",2012-01-31 00:00:00,"2017-10-03","E. helvum","J","M","NRS",NA,NA,25.5,11,3.23867845216438,2.39789527279837,0.0374356937218543,0.0652123243255356
"A121",NA,"Accra Zoo",2012-01-31 00:00:00,"2017-10-03","E. helvum","A","M","NRS",NA,NA,29.5,10.75,3.38439026334577,2.37490575457367,0.062428745769137,0.060931371960403
"A123",NA,"Accra Zoo",2012-01-31 00:00:00,"2017-10-03","E. helvum","A","M","NRS",NA,NA,15.5,10.5,2.7408400239252,2.35137525716348,-0.0479554742777647,0.0565496821156504
"A126",NA,"Accra Zoo",2012-01-31 00:00:00,"2017-10-03","E. helvum","A","M","NRS",NA,NA,14.5,7.75,2.67414864942653,2.04769284336526,-0.0593946361441637,0
"A131",NA,"Accra Zoo",2012-01-31 00:00:00,"2017-10-03","E. helvum","J","M","NRS",NA,NA,25.5,12,3.23867845216438,2.484906649788,0.0374356937218543,0.0814149935801271
"A132",NA,"Accra Zoo",2012-01-31 00:00:00,"2017-10-03","E. helvum","A","F","P",NA,NA,22.25,7.25,3.10234200861225,1.98100146886658,0.01405074090291,-0.0124188160275278
"A135",NA,"Accra Zoo",2012-01-31 00:00:00,"2017-10-03","E. helvum","A","M","NRS",NA,NA,21.5,8.5,3.06805293513362,2.14006616349627,0.00816934672383622,0.0172011339874522
"A141",NA,"Accra Zoo",2012-01-31 00:00:00,"2017-10-03","E. helvum","A","F","NRS",NA,NA,33,9,3.49650756146648,2.19722457733622,0.0816595373200233,0.0278447866522771
"A143",NA,"Accra Zoo",2012-01-31 00:00:00,"2017-10-03","E. helvum","A","F","P",NA,NA,31.25,12.25,3.44201937618241,2.50552593699074,0.0723135135507394,0.0852545775790239
"A144",NA,"Accra Zoo",2012-01-31 00:00:00,"2017-10-03","E. helvum","J","F","NRS",NA,NA,33.75,9.5,3.51898041731854,2.2512917986065,0.0855141682617963,0.0379128183748586
"A145",NA,"Accra Zoo",2012-01-31 00:00:00,"2017-10-03","E. helvum","A","F","NRS",NA,NA,81.25,14.5,4.39753082120985,2.67414864942653,0.236206523209481,0.116654356928969
"A147",NA,"Accra Zoo",2012-01-31 00:00:00,"2017-10-03","E. helvum","A","F","P",NA,NA,33.5,12.25,3.51154543883102,2.50552593699074,0.0842388920655679,0.0852545775790239
"A148",NA,"Accra Zoo",2012-01-31 00:00:00,"2017-10-03","E. helvum","A","F","NRS",NA,NA,22.5,12.5,3.11351530921037,2.52572864430826,0.015967228530953,0.0890165888933845
"A151",NA,"Accra Zoo",2012-01-31 00:00:00,"2017-10-03","E. helvum","A","F","P",NA,NA,24.75,8,3.2088254890147,2.07944154167984,0.032315198302051,0.00591202755148053
"A152",NA,"Accra Zoo",2012-01-31 00:00:00,"2017-10-03","E. helvum","A","F","P",NA,NA,25.75,13.5,3.24843462710975,2.60268968544438,0.0391091104903025,0.103347752680924
"A153",NA,"Accra Zoo",2012-01-31 00:00:00,"2017-10-03","E. helvum",NA,NA,"NRS",NA,NA,29.25,10,3.37587957367787,2.30258509299405,0.0609689594408789,0.0474643082224325
"A155",NA,"Accra Zoo",2012-01-31 00:00:00,"2017-10-03","E. helvum","A","F","NRS",NA,NA,79.5,9,4.37575702166029,2.19722457733622,0.23247179710185,0.0278447866522771
"A160",NA,"Accra Zoo",2012-01-31 00:00:00,"2017-10-03","E. helvum","A","F","P",NA,NA,22,8,3.09104245335832,2.07944154167984,0.0121125975891801,0.00591202755148053
"A163",NA,"Accra Zoo",2012-01-31 00:00:00,"2017-10-03","E. helvum","A","F","P",NA,NA,37,8.25,3.61091791264422,2.11021320034659,0.101283642178438,0.0116421173976855
"A164",NA,"Accra Zoo",2012-01-31 00:00:00,"2017-10-03","E. helvum","A","F","P",NA,NA,27.25,10.25,3.30505352110925,2.32727770558442,0.0488206016392779,0.0520623992844925
"A168",NA,"Accra Zoo",2012-01-31 00:00:00,"2017-10-03","E. helvum","UNK","UNK","NRS",NA,NA,40.75,11,3.70745583968687,2.39789527279837,0.117842199892816,0.0652123243255356
"A170",NA,"Accra Zoo",2012-01-31 00:00:00,"2017-10-03","E. helvum","J","F","NRS",NA,NA,13.5,7,2.60268968544438,1.94591014905531,-0.071651553353348,-0.0189532839129961
"A171",NA,"Accra Zoo",2012-01-31 00:00:00,"2017-10-03","E. helvum","J","M","NRS",NA,NA,14.5,12.25,2.67414864942653,2.50552593699074,-0.0593946361441637,0.0852545775790239
"A172",NA,"Accra Zoo",2012-01-31 00:00:00,"2017-10-03","E. helvum","SA","F","NRS",NA,NA,16,7.5,2.77258872223978,2.01490302054226,-0.0425098150482464,-0.00610589870541751
"A173",NA,"Accra Zoo",2012-01-31 00:00:00,"2017-10-03","E. helvum","SA","M","NRS",NA,NA,14.5,9,2.67414864942653,2.19722457733622,-0.0593946361441637,0.0278447866522771
"A174",NA,"Accra Zoo",2012-01-31 00:00:00,"2017-10-03","E. helvum","J","M","NRS",NA,NA,15.75,11.5,2.75684036527164,2.4423470353692,-0.0452110339966123,0.073489830459069
"A175 A",NA,"Accra Zoo",2012-01-31 00:00:00,"2017-10-03","E. helvum","J","F","NRS",NA,NA,28.5,8,3.3499040872746,2.07944154167984,0.0565135437929189,0.00591202755148053
"A176",NA,"Accra Zoo",2012-01-31 00:00:00,"2017-10-03","E. helvum","J","M","NRS",NA,NA,21.5,6,3.06805293513362,1.79175946922805,0.00816934672383622,-0.0476581793763694
"A186",NA,"Accra Zoo",2012-01-31 00:00:00,"2017-10-03","E. helvum","A","F","P",NA,NA,28.5,11.75,3.3499040872746,2.46385324059017,0.0565135437929189,0.0774945703238131
"A188",NA,"Accra Zoo",2012-01-31 00:00:00,"2017-10-03","E. helvum","A","F","P",NA,NA,22.75,7.75,3.12456514539696,2.04769284336526,0.0178625390667713,0
"A189",NA,"Accra Zoo",2012-01-31 00:00:00,"2017-10-03","E. helvum","A","M","NRS",NA,NA,20,7.25,2.99573227355399,1.98100146886658,-0.00423537218191787,-0.0124188160275278
"A192",NA,"Accra Zoo",2012-01-31 00:00:00,"2017-10-03","E. helvum","A","M","NRS",NA,NA,16.25,11.5,2.78809290877575,2.4423470353692,-0.0398504771544791,0.073489830459069
"A195 A",NA,"Accra Zoo",2012-01-31 00:00:00,"2017-10-03","E. helvum","A","M","NRS",NA,NA,14,9,2.63905732961526,2.19722457733622,-0.0654136347094832,0.0278447866522771
"A196",NA,"Accra Zoo",2012-01-31 00:00:00,"2017-10-03","E. helvum","A","M","NRS",NA,NA,17.75,7.5,2.87638551592142,2.01490302054226,-0.0247061885213831,-0.00610589870541751
"A197",NA,"Accra Zoo",2012-01-31 00:00:00,"2017-10-03","E. helvum","A","M","NRS",NA,NA,29.75,9,3.39282913199164,2.19722457733622,0.0638762130785901,0.0278447866522771
"B119",NA,"Accra Zoo",2012-01-31 00:00:00,"2017-10-03","E. helvum","J","F","NRS",NA,NA,22.75,9,3.12456514539696,2.19722457733622,0.0178625390667713,0.0278447866522771
"D040",NA,"Accra Zoo",2012-01-31 00:00:00,"2017-10-03","E. helvum","A","M","NRS",NA,NA,21.5,10.75,3.06805293513362,2.37490575457367,0.00816934672383622,0.060931371960403
NA,"1037","Accra Zoo",2012-02-14 00:00:00,"2017-08-03","E. helvum","A","F","NRS",NA,NA,14.75,9,2.69124308278583,2.19722457733622,0.0421221108945924,0.0440053025013802
NA,"3158","Accra Zoo",2012-02-14 00:00:00,"2017-08-03","E. helvum","JUV","M","NRS",NA,NA,14.25,9.5,2.65675690671466,2.2512917986065,0.0352557766300572,0.0541897767134199
NA,"4146","Accra Zoo",2012-02-14 00:00:00,"2017-08-03","E. helvum",NA,"?","SIM",NA,NA,10,9.25,2.30258509299405,2.22462355152433,-0.0352612344489268,0.049166362002853
"A","6544","Accra Zoo",2012-02-14 00:00:00,"2017-08-03","E. helvum","JUV","M","NRS",NA,NA,13,6.25,2.56494935746154,1.83258146374831,0.0169765299000399,-0.0246813860260289
NA,"6698","Accra Zoo",2012-02-14 00:00:00,"2017-08-03","E. helvum","JUV","F","NRS",NA,NA,17,9,2.83321334405622,2.19722457733622,0.0703889522948726,0.0440053025013802
"A001","7739","Accra Zoo",2012-02-14 00:00:00,"2017-08-03","E. helvum","JUV","F","NRS",NA,NA,14.25,7.5,2.65675690671466,2.01490302054226,0.0352557766300572,0.00966195823767558
"A055","7828","Accra Zoo",2012-02-14 00:00:00,"2017-08-03","E. helvum","JUV","M","NRS",NA,NA,13,7.25,2.56494935746154,1.98100146886658,0.0169765299000399,0.00327602845106519
"A057","4829","Accra Zoo",2012-02-14 00:00:00,"2017-08-03","E. helvum",NA,"?","SIM",NA,NA,14.75,7,2.69124308278583,1.94591014905531,0.0421221108945924,-0.00333401425665573
"A058","5349","Accra Zoo",2012-02-14 00:00:00,"2017-08-03","E. helvum","JUV","M","NRS",NA,NA,15.75,8,2.75684036527164,2.07944154167984,0.0551827896855148,0.0218188786187518
"A059","7628","Accra Zoo",2012-02-14 00:00:00,"2017-08-03","E. helvum","A","F","P",NA,NA,12.5,4,2.52572864430826,1.38629436111989,0.00916753054771617,-0.108747098690716
"A060","3840","Accra Zoo",2012-02-14 00:00:00,"2017-08-03","E. helvum","JUV","F","NRS",NA,NA,12.5,6.25,2.52572864430826,1.83258146374831,0.00916753054771617,-0.0246813860260289
"A061","9186","Accra Zoo",2012-02-14 00:00:00,"2017-08-03","E. helvum",NA,"?","SIM",NA,NA,14.25,7,2.65675690671466,1.94591014905531,0.0352557766300572,-0.00333401425665573
"A062","7615","Accra Zoo",2012-02-14 00:00:00,"2017-08-03","E. helvum",NA,"?","SIM",NA,NA,13.5,7.75,2.60268968544438,2.04769284336526,0.0244907787007372,0.0158384751200347
"A064","3282","Accra Zoo",2012-02-14 00:00:00,"2017-08-03","E. helvum","A","F","NRS",NA,NA,14,5.75,2.63905732961526,1.74919985480926,0.0317317207169111,-0.0403877202160755
"A067","691","Accra Zoo",2012-02-14 00:00:00,"2017-08-03","E. helvum","A","M","NRS",NA,NA,21,7.25,3.04452243772342,1.98100146886658,0.112461429894614,0.00327602845106519
"A068","3660","Accra Zoo",2012-02-14 00:00:00,"2017-08-03","E. helvum","A","F","NRS",NA,NA,21.5,4.25,3.06805293513362,1.44691898293633,0.11714644513944,-0.0973274273446028
"A070","8509","Accra Zoo",2012-02-14 00:00:00,"2017-08-03","E. helvum","JUV","F","NRS",NA,NA,12,7.5,2.484906649788,2.01490302054226,0.00103970973213352,0.00966195823767558
"A071","6256","Accra Zoo",2012-02-14 00:00:00,"2017-08-03","E. helvum","A","F","P",NA,NA,19.5,7.5,2.9704144655697,2.01490302054226,0.0977062390777432,0.00966195823767558
"A072","6510","Accra Zoo",2012-02-14 00:00:00,"2017-08-03","E. helvum","A","M","NRS",NA,NA,11.5,5,2.4423470353692,1.6094379124341,-0.00743407808841561,-0.0667142423583726
"A073","3913","Accra Zoo",2012-02-14 00:00:00,"2017-08-03","E. helvum","A","F","P",NA,NA,18,9.75,2.89037175789616,2.27726728500976,0.0817694189098368,0.059082698250792
"A074","5961","Accra Zoo",2012-02-14 00:00:00,"2017-08-03","E. helvum",NA,"?","SIM",NA,NA,21.75,9.75,3.07961375753469,2.27726728500976,0.119448250674936,0.059082698250792
"A075","7193","Accra Zoo",2012-02-14 00:00:00,"2017-08-03","E. helvum","A","F","NRS",NA,NA,33.25,7.75,3.50405476710186,2.04769284336526,0.203956137001638,0.0158384751200347
"A076","4509","Accra Zoo",2012-02-14 00:00:00,"2017-08-03","E. helvum","A","F","NRS",NA,NA,20.5,7,3.02042488614436,1.94591014905531,0.107663511918518,-0.00333401425665573
"A077","5454","Accra Zoo",2012-02-14 00:00:00,"2017-08-03","E. helvum","JUV","M","NRS",NA,NA,21,12.5,3.04452243772342,2.52572864430826,0.112461429894614,0.105884591283439
"A078","3428","Accra Zoo",2012-02-14 00:00:00,"2017-08-03","E. helvum","JUV","M","NRS",NA,NA,20,10,2.99573227355399,2.30258509299405,0.102747114937876,0.0638517349510955
"A080","890","Accra Zoo",2012-02-14 00:00:00,"2017-08-03","E. helvum","JUV","F","NRS",NA,NA,20,6.5,2.99573227355399,1.87180217690159,0.102747114937876,-0.0172935023452562
"A083","2966","Accra Zoo",2012-02-14 00:00:00,"2017-08-03","E. helvum","A","M","NRS",NA,NA,17.25,8.5,2.84781214347737,2.14006616349627,0.0732956310892878,0.0332385499648653
"A084","5868","Accra Zoo",2012-02-14 00:00:00,"2017-08-03","E. helvum","A","M","NRS",NA,NA,22,6.5,3.09104245335832,1.87180217690159,0.121723749285474,-0.0172935023452562
"A085","3261","Accra Zoo",2012-02-14 00:00:00,"2017-08-03","E. helvum","A","F","P",NA,NA,12.5,8,2.52572864430826,2.07944154167984,0.00916753054771617,0.0218188786187518
"A086","3904","Accra Zoo",2012-02-14 00:00:00,"2017-08-03","E. helvum","A","F","NRS",NA,NA,16.75,9,2.81839825827108,2.19722457733622,0.0674392100286204,0.0440053025013802
"A087","9238","Accra Zoo",2012-02-14 00:00:00,"2017-08-03","E. helvum","A","M","NRS",NA,NA,16,5,2.77258872223978,1.6094379124341,0.0583183499412332,-0.0667142423583726
"A088","2153","Accra Zoo",2012-02-14 00:00:00,"2017-08-03","E. helvum","A","F","NRS",NA,NA,18.25,10.5,2.9041650800285,2.35137525716348,0.0845157239853424,0.0730421863393924
"A091","5113","Accra Zoo",2012-02-14 00:00:00,"2017-08-03","E. helvum","A","F","NRS",NA,NA,19.25,11,2.95751106073379,2.39789527279837,0.0951371200611517,0.0818050169130014
"A092","832","Accra Zoo",2012-02-14 00:00:00,"2017-08-03","E. helvum","A","M","NRS",NA,NA,14.25,6.5,2.65675690671466,1.87180217690159,0.0352557766300572,-0.0172935023452562
"A097","949","Accra Zoo",2012-02-14 00:00:00,"2017-08-03","E. helvum","A","F","NRS",NA,NA,21.25,10,3.05635689537043,2.30258509299405,0.114817717291516,0.0638517349510955
"A098",NA,"Accra Zoo",2012-02-14 00:00:00,"2017-08-03","E. helvum","A","F","NRS",NA,NA,8,9.75,2.07944154167984,2.27726728500976,-0.0796899994455699,0.059082698250792
"A102","3340","Accra Zoo",2012-02-14 00:00:00,"2017-08-03","E. helvum","A","F","P",NA,NA,19.25,7.5,2.95751106073379,2.01490302054226,0.0951371200611517,0.00966195823767558
"A105","7745","Accra Zoo",2012-02-14 00:00:00,"2017-08-03","E. helvum","A","M","NRS",NA,NA,27.5,6.5,3.31418600467253,1.87180217690159,0.166152514282117,-0.0172935023452562
"A106","2905","Accra Zoo",2012-02-14 00:00:00,"2017-08-03","E. helvum","A","F","P",NA,NA,27,10,3.29583686600433,2.30258509299405,0.16249912808754,0.0638517349510955
"A110","9089","Accra Zoo",2012-02-14 00:00:00,"2017-08-03","E. helvum","A","M","NRS",NA,NA,493.5,10.5,6.20152285887354,2.35137525716348,0.74103271945018,0.0730421863393924
"A111","1383","Accra Zoo",2012-02-14 00:00:00,"2017-08-03","E. helvum","A","F","P",NA,NA,56,8.5,4.02535169073515,2.14006616349627,0.307748419490517,0.0332385499648653
"A112","6479","Accra Zoo",2012-02-14 00:00:00,"2017-08-03","E. helvum","JUV","M","NRS",NA,NA,21.5,7.25,3.06805293513362,1.98100146886658,0.11714644513944,0.00327602845106519
"A114","8092","Accra Zoo",2012-02-14 00:00:00,"2017-08-03","E. helvum","A","M","NRS",NA,NA,21.5,8.5,3.06805293513362,2.14006616349627,0.11714644513944,0.0332385499648653
"A115","3072","Accra Zoo",2012-02-14 00:00:00,"2017-08-03","E. helvum","A","M","NRS",NA,NA,19,6.5,2.94443897916644,1.87180217690159,0.0925344168391568,-0.0172935023452562
"A119","7021","Accra Zoo",2012-02-14 00:00:00,"2017-08-03","E. helvum","A","M","NRS",NA,NA,18.75,10.25,2.93119375241642,2.32727770558442,0.0898972397254195,0.0685030055406714
"A121","5886","Accra Zoo",2012-02-14 00:00:00,"2017-08-03","E. helvum","A","M","NRS",NA,NA,27.25,6.5,3.30505352110925,1.87180217690159,0.164334200628513,-0.0172935023452562
"A123","5678","Accra Zoo",2012-02-14 00:00:00,"2017-08-03","E. helvum","JUV","M","NRS",NA,NA,13.5,7.75,2.60268968544438,2.04769284336526,0.0244907787007372,0.0158384751200347
"A126","174","Accra Zoo",2012-02-14 00:00:00,"2017-08-03","E. helvum","A","M","NRS",NA,NA,12.25,8,2.50552593699074,2.07944154167984,0.00514509149258908,0.0218188786187518
"A130","3767","Accra Zoo",2012-02-14 00:00:00,"2017-08-03","E. helvum","JUV","M","NRS",NA,NA,18,6.25,2.89037175789616,1.83258146374831,0.0817694189098368,-0.0246813860260289
"A131","1760","Accra Zoo",2012-02-14 00:00:00,"2017-08-03","E. helvum","A","M","NRS",NA,NA,15.75,3,2.75684036527164,1.09861228866811,0.0551827896855148,-0.162936875404136
"A132","4204","Accra Zoo",2012-02-14 00:00:00,"2017-08-03","E. helvum","A","F","P",NA,NA,19.5,6.5,2.9704144655697,1.87180217690159,0.0977062390777432,-0.0172935023452562
"A135","5539","Accra Zoo",2012-02-14 00:00:00,"2017-08-03","E. helvum","A","M","NRS",NA,NA,17.5,10,2.86220088092947,2.30258509299405,0.0761604857135542,0.0638517349510955
"A141","5574","Accra Zoo",2012-02-14 00:00:00,"2017-08-03","E. helvum","A","F","NRS",NA,NA,14.25,4.75,2.65675690671466,1.55814461804655,0.0352557766300572,-0.0763762005960481
"A143","8229","Accra Zoo",2012-02-14 00:00:00,"2017-08-03","E. helvum","A","F","P",NA,NA,14.75,13,2.69124308278583,2.56494935746154,0.0421221108945924,0.113272474964212
"A144","3800","Accra Zoo",2012-02-14 00:00:00,"2017-08-03","E. helvum","A","F","NRS",NA,NA,16.75,7,2.81839825827108,1.94591014905531,0.0674392100286204,-0.00333401425665573
"A146","4194","Accra Zoo",2012-02-14 00:00:00,"2017-08-03","E. helvum","A","F","P",NA,NA,54.75,11.75,4.00277736869661,2.46385324059017,0.303253782549849,0.0942293140429782
"A147","2857","Accra Zoo",2012-02-14 00:00:00,"2017-08-03","E. helvum","A","F","NRS",NA,NA,21.5,12,3.06805293513362,2.484906649788,0.11714644513944,0.0981950792148
"A148","5873","Accra Zoo",2012-02-14 00:00:00,"2017-08-03","E. helvum","A","F","NRS",NA,NA,13,7,2.56494935746154,1.94591014905531,0.0169765299000399,-0.00333401425665573
"A151","9675","Accra Zoo",2012-02-14 00:00:00,"2017-08-03","E. helvum","A","F","NRS",NA,NA,19,10.5,2.94443897916644,2.35137525716348,0.0925344168391568,0.0730421863393924
"A152","3900","Accra Zoo",2012-02-14 00:00:00,"2017-08-03","E. helvum","A","F","NRS",NA,NA,17.5,8.5,2.86220088092947,2.14006616349627,0.0761604857135542,0.0332385499648653
"A153","8869","Accra Zoo",2012-02-14 00:00:00,"2017-08-03","E. helvum","A","F","P",NA,NA,21.5,8.5,3.06805293513362,2.14006616349627,0.11714644513944,0.0332385499648653
"A155","3205","Accra Zoo",2012-02-14 00:00:00,"2017-08-03","E. helvum","A","F","P",NA,NA,47,12,3.85014760171006,2.484906649788,0.27286459133639,0.0981950792148
"A157","4830","Accra Zoo",2012-02-14 00:00:00,"2017-08-03","E. helvum","A","F","NRS",NA,NA,31.25,9,3.44201937618241,2.19722457733622,0.191604644931162,0.0440053025013802
"A159","6826","Accra Zoo",2012-02-14 00:00:00,"2017-08-03","E. helvum","A","F","NRS",NA,NA,16.5,8.5,2.80336038090653,2.14006616349627,0.0644451090763741,0.0332385499648653
"A160","3240","Accra Zoo",2012-02-14 00:00:00,"2017-08-03","E. helvum","A","F","NRS",NA,NA,20,7,2.99573227355399,1.94591014905531,0.102747114937876,-0.00333401425665573
"A163",NA,"Accra Zoo",2012-02-14 00:00:00,"2017-08-03","E. helvum","A","F","NRS",NA,NA,23.5,12.25,3.15700042115011,2.50552593699074,0.134856241949587,0.102079070177405
"A164","7128","Accra Zoo",2012-02-14 00:00:00,"2017-08-03","E. helvum","A","F","P",NA,NA,14.25,9,2.65675690671466,2.19722457733622,0.0352557766300572,0.0440053025013802
"A170","6929","Accra Zoo",2012-02-14 00:00:00,"2017-08-03","E. helvum","A","M","NRS",NA,NA,10.5,2,2.35137525716348,0.693147180559945,-0.0255469194921886,-0.239313076000184
"A171","4569","Accra Zoo",2012-02-14 00:00:00,"2017-08-03","E. helvum","JUV","M","NRS",NA,NA,17,11,2.83321334405622,2.39789527279837,0.0703889522948726,0.0818050169130014
"A172","5270","Accra Zoo",2012-02-14 00:00:00,"2017-08-03","E. helvum","JUV","F","NRS",NA,NA,10.75,7.5,2.37490575457367,2.01490302054226,-0.0208619042473629,0.00966195823767558
"A173","8308","Accra Zoo",2012-02-14 00:00:00,"2017-08-03","E. helvum",NA,"?","SIM",NA,NA,12.25,8,2.50552593699074,2.07944154167984,0.00514509149258908,0.0218188786187518
"A174","9231","Accra Zoo",2012-02-14 00:00:00,"2017-08-03","E. helvum","JUV","F","NRS",NA,NA,12.5,5.75,2.52572864430826,1.74919985480926,0.00916753054771617,-0.0403877202160755
"A176","3647","Accra Zoo",2012-02-14 00:00:00,"2017-08-03","E. helvum",NA,"?","SIM",NA,NA,12.75,8.5,2.54553127160443,2.14006616349627,0.0131103120857728,0.0332385499648653
"A186","9846","Accra Zoo",2012-02-14 00:00:00,"2017-08-03","E. helvum","A","F","P",NA,NA,18.75,5,2.93119375241642,1.6094379124341,0.0898972397254195,-0.0667142423583726
"A188","6353","Accra Zoo",2012-02-14 00:00:00,"2017-08-03","E. helvum","A","F","NRS",NA,NA,18,6,2.89037175789616,1.79175946922805,0.0817694189098368,-0.032370898094668
"A189","8793","Accra Zoo",2012-02-14 00:00:00,"2017-08-03","E. helvum","A","M","NRS",NA,NA,20,8.5,2.99573227355399,2.14006616349627,0.102747114937876,0.0332385499648653
"A192","9051","Accra Zoo",2012-02-14 00:00:00,"2017-08-03","E. helvum","A","M","NRS",NA,NA,11.25,9.25,2.42036812865043,2.22462355152433,-0.0118101654803232,0.049166362002853
"A193","1777","Accra Zoo",2012-02-14 00:00:00,"2017-08-03","E. helvum","A","M","NRS",NA,NA,91.75,12.5,4.51906748693468,2.52572864430826,0.406049190251275,0.105884591283439
"A195","982","Accra Zoo",2012-02-14 00:00:00,"2017-08-03","E. helvum","A","M","NRS",NA,NA,12.25,1.75,2.50552593699074,0.559615787935423,0.00514509149258908,-0.264465968875592
"A196","3647","Accra Zoo",2012-02-14 00:00:00,"2017-08-03","E. helvum","A","M","NRS",NA,NA,16.5,8.75,2.80336038090653,2.16905370036952,0.0644451090763741,0.0386988420756879
"A197","9038","Accra Zoo",2012-02-14 00:00:00,"2017-08-03","E. helvum","A","M","NRS",NA,NA,26.25,9,3.26766598903763,2.19722457733622,0.156890194891257,0.0440053025013802
"B119","4099","Accra Zoo",2012-02-14 00:00:00,"2017-08-03","E. helvum","JUV","F","NRS",NA,NA,20.5,11,3.02042488614436,2.39789527279837,0.107663511918518,0.0818050169130014
"D040","8106","Accra Zoo",2012-02-14 00:00:00,"2017-08-03","E. helvum","A","M","NRS",NA,NA,14,4,2.63905732961526,1.38629436111989,0.0317317207169111,-0.108747098690716
"D093","4438","Accra Zoo",2012-02-14 00:00:00,"2017-08-03","E. helvum","A","F","P",NA,NA,30,6.5,3.40119738166216,1.87180217690159,0.18347682411558,-0.0172935023452562
"1037","3428","Accra Zoo",2012-03-15 00:00:00,"2017-07-03","E. helvum","A","F",NA,NA,NA,19.5,16.25,2.9704144655697,2.78809290877575,0.118178115959323,0.293110784885884
"3428","3428","Accra Zoo",2012-03-15 00:00:00,"2017-07-03","E. helvum","J","M",NA,NA,NA,9.25,2.5,2.22462355152433,0.916290731874155,-0.035766356530467,-0.0157256219874379
"4146","4146","Accra Zoo",2012-03-15 00:00:00,"2017-07-03","E. helvum","J","F",NA,NA,NA,10.5,6.25,2.35137525716348,1.83258146374831,-0.00960255633617807,0.135456987358474
"5961","5961","Accra Zoo",2012-03-15 00:00:00,"2017-07-03","E. helvum",NA,"F",NA,NA,NA,11,7.75,2.39789527279837,2.04769284336526,0,0.170949106332515
"6544","6544","Accra Zoo",2012-03-15 00:00:00,"2017-07-03","E. helvum",NA,"?","SIM",NA,NA,10,7.5,2.30258509299405,2.01490302054226,-0.0196737115947101,0.165538977426998
"6698","6698","Accra Zoo",2012-03-15 00:00:00,"2017-07-03","E. helvum","J","F",NA,NA,NA,12,6,2.484906649788,1.79175946922805,0.0179606915008138,0.128721597120865
"9089","9089","Accra Zoo",2012-03-15 00:00:00,"2017-07-03","E. helvum","A","M",NA,NA,NA,453,10,6.11589212548303,2.30258509299405,0.767460495195066,0.21300483609212
"A001","7739","Accra Zoo",2012-03-15 00:00:00,"2017-07-03","E. helvum","J","F",NA,NA,NA,14,5.75,2.63905732961526,1.74919985480926,0.0497801259334866,0.121699509767183
"A055","7828","Accra Zoo",2012-03-15 00:00:00,"2017-07-03","E. helvum","J","M",NA,NA,NA,9.5,3,2.2512917986065,1.09861228866811,-0.0302615573274011,0.014356368081086
"A057","4829","Accra Zoo",2012-03-15 00:00:00,"2017-07-03","E. helvum","J","F",NA,NA,NA,8,6.5,2.07944154167984,1.87180217690159,-0.0657344984045568,0.141928175539972
"A058","5349","Accra Zoo",2012-03-15 00:00:00,"2017-07-03","E. helvum","J","M",NA,NA,NA,13.5,6.25,2.60268968544438,1.83258146374831,0.0422731991365196,0.135456987358474
"A059","7628","Accra Zoo",2012-03-15 00:00:00,"2017-07-03","E. helvum","A","F","P",NA,NA,12,5.5,2.484906649788,1.70474809223843,0.0179606915008138,0.114365229039779
"A060","3940","Accra Zoo",2012-03-15 00:00:00,"2017-07-03","E. helvum","J","F",NA,NA,NA,11,4.75,2.39789527279837,1.55814461804655,0,0.0901765136064464
"A061","9186","Accra Zoo",2012-03-15 00:00:00,"2017-07-03","E. helvum","J","M",NA,NA,NA,9,5.5,2.19722457733622,1.70474809223843,-0.0414219907688509,0.114365229039779
"A062","7615","Accra Zoo",2012-03-15 00:00:00,"2017-07-03","E. helvum","J","M",NA,NA,NA,9,5.75,2.19722457733622,1.74919985480926,-0.0414219907688509,0.121699509767183
"A064","3282","Accra Zoo",2012-03-15 00:00:00,"2017-07-03","E. helvum","A","F","P",NA,NA,10.5,6,2.35137525716348,1.79175946922805,-0.00960255633617807,0.128721597120865
"A066","7034","Accra Zoo",2012-03-15 00:00:00,"2017-07-03","E. helvum","J","M",NA,NA,NA,11.75,7,2.46385324059017,1.94591014905531,0.0136148944254758,0.154155557323719
"A067","691","Accra Zoo",2012-03-15 00:00:00,"2017-07-03","E. helvum","A","M",NA,NA,NA,16.75,8,2.81839825827108,2.07944154167984,0.0867992745149472,0.176187455785987
"A068","3660","Accra Zoo",2012-03-15 00:00:00,"2017-07-03","E. helvum","A","F",NA,NA,NA,16.75,5.5,2.81839825827108,1.70474809223843,0.0867992745149472,0.114365229039779
"A069","1044","Accra Zoo",2012-03-15 00:00:00,"2017-07-03","E. helvum","A","M",NA,NA,NA,14.5,14.25,2.67414864942653,2.65675690671466,0.0570235967449155,0.271441113020882
"A070","8509","Accra Zoo",2012-03-15 00:00:00,"2017-07-03","E. helvum","A","F","P",NA,NA,8,7,2.07944154167984,1.94591014905531,-0.0657344984045568,0.154155557323719
"A071","3528","Accra Zoo",2012-03-15 00:00:00,"2017-07-03","E. helvum","A","F","P",NA,NA,18,6.5,2.89037175789616,1.87180217690159,0.101655881406184,0.141928175539972
"A072","184","Accra Zoo",2012-03-15 00:00:00,"2017-07-03","E. helvum","A","M",NA,NA,NA,5.5,4.5,1.70474809223843,1.50407739677627,-0.143077872175035,0.0812557384557428
"A075","7193","Accra Zoo",2012-03-15 00:00:00,"2017-07-03","E. helvum","A","F","P",NA,NA,26,5,3.25809653802148,1.6094379124341,0.177560798228987,0.0986396070523408
"A076","4509","Accra Zoo",2012-03-15 00:00:00,"2017-08-03","E. helvum","A","F","P",NA,NA,18,11.5,2.89037175789616,2.4423470353692,0.113044562536005,0.0482983375460396
"A077","5151","Accra Zoo",2012-03-15 00:00:00,"2017-07-03","E. helvum","A","M",NA,NA,NA,10,4,2.30258509299405,1.38629436111989,-0.0196737115947101,0.061822226746208
"A080","890","Accra Zoo",2012-03-15 00:00:00,"2017-07-03","E. helvum","J","F",NA,NA,NA,9,5,2.19722457733622,1.6094379124341,-0.0414219907688509,0.0986396070523408
"A083","2966","Accra Zoo",2012-03-15 00:00:00,"2017-07-03","E. helvum","A","M",NA,NA,NA,9.5,5,2.2512917986065,1.6094379124341,-0.0302615573274011,0.0986396070523408
"A084","5868","Accra Zoo",2012-03-15 00:00:00,"2017-07-03","E. helvum","A","M",NA,NA,NA,13,9.5,2.56494935746154,2.2512917986065,0.0344829260539521,0.204541742646225
"A086","3904","Accra Zoo",2012-03-15 00:00:00,"2017-07-03","E. helvum","A","M",NA,NA,NA,17.75,5,2.87638551592142,1.6094379124341,0.0987688729935491,0.0986396070523408
"A087","9238","Accra Zoo",2012-03-15 00:00:00,"2017-07-03","E. helvum","J","M",NA,NA,NA,10.5,8,2.35137525716348,2.07944154167984,-0.00960255633617807,0.176187455785987
"A088","2453","Accra Zoo",2012-03-15 00:00:00,"2017-07-03","E. helvum","A","F","P",NA,NA,8,6,2.07944154167984,1.79175946922805,-0.0657344984045568,0.128721597120865
"A091","5113","Accra Zoo",2012-03-15 00:00:00,"2017-07-03","E. helvum","A","F","P",NA,NA,15.5,9,2.7408400239252,2.19722457733622,0.0707898793228668,0.195620967495522
"A092","832","Accra Zoo",2012-03-15 00:00:00,"2017-08-03","E. helvum","A","M",NA,NA,NA,25,10.5,3.2188758248682,2.35137525716348,0.176223264537243,0.0303734779219884
"A096",NA,"Accra Zoo",2012-03-15 00:00:00,"2017-07-03","E. helvum",NA,NA,NA,NA,NA,11.5,6.5,2.4423470353692,1.87180217690159,0.0091756322198799,0.141928175539972
"A097","949","Accra Zoo",2012-03-15 00:00:00,"2017-07-03","E. helvum","A","F",NA,NA,NA,11,5.75,2.39789527279837,1.74919985480926,0,0.121699509767183
"A105","7745","Accra Zoo",2012-03-15 00:00:00,"2017-07-03","E. helvum","A","M",NA,NA,NA,14.25,7,2.65675690671466,1.94591014905531,0.0534336325779694,0.154155557323719
"A106","2905","Accra Zoo",2012-03-15 00:00:00,"2017-07-03","E. helvum","A","F","P",NA,NA,25.25,5,3.22882615572137,1.6094379124341,0.17151887216378,0.0986396070523408
"A111","1383","Accra Zoo",2012-03-15 00:00:00,"2017-07-03","E. helvum","A","F","P",NA,NA,60.75,7.25,4.10676708222066,1.98100146886658,0.352741451122296,0.15994541976575
"A112","6479","Accra Zoo",2012-03-15 00:00:00,"2017-07-03","E. helvum","A","M",NA,NA,NA,12.5,6.25,2.52572864430826,1.83258146374831,0.0263870752151366,0.135456987358474
"A114","8029","Accra Zoo",2012-03-15 00:00:00,"2017-07-03","E. helvum","A","M",NA,NA,NA,12,5.5,2.484906649788,1.70474809223843,0.0179606915008138,0.114365229039779
"A121","5886","Accra Zoo",2012-03-15 00:00:00,"2017-07-03","E. helvum","A","M",NA,NA,NA,14,4.5,2.63905732961526,1.50407739677627,0.0497801259334866,0.0812557384557428
"A123","5678","Accra Zoo",2012-03-15 00:00:00,"2017-08-03","E. helvum","A","M",NA,NA,NA,15,5,2.70805020110221,1.6094379124341,0.0779800368171576,-0.115816065873015
"A126","8009","Accra Zoo",2012-03-15 00:00:00,"2017-07-03","E. helvum","A","M",NA,NA,NA,11,8.5,2.39789527279837,2.14006616349627,0,0.186190163658052
"A130","3767","Accra Zoo",2012-03-15 00:00:00,"2017-07-03","E. helvum","A","M",NA,NA,NA,10.75,7.5,2.37490575457367,2.01490302054226,-0.00474544431856731,0.165538977426998
"A131","1760","Accra Zoo",2012-03-15 00:00:00,"2017-07-03","E. helvum","A","M",NA,NA,NA,13,6,2.56494935746154,1.79175946922805,0.0344829260539521,0.128721597120865
"A132","4204","Accra Zoo",2012-03-15 00:00:00,"2017-07-03","E. helvum","A","F","P",NA,NA,16.5,10.5,2.80336038090653,2.35137525716348,0.0836951899053705,0.221054927698375
"A135","5539","Accra Zoo",2012-03-15 00:00:00,"2017-07-03","E. helvum","A","M",NA,NA,NA,10,6.5,2.30258509299405,1.87180217690159,-0.0196737115947101,0.141928175539972
"A141","5574","Accra Zoo",2012-03-15 00:00:00,"2017-07-03","E. helvum","A","F","P",NA,NA,14.5,7,2.67414864942653,1.94591014905531,0.0570235967449155,0.154155557323719
"A143","8229","Accra Zoo",2012-03-15 00:00:00,"2017-07-03","E. helvum","A","F","P",NA,NA,14,9,2.63905732961526,2.19722457733622,0.0497801259334866,0.195620967495522
"A144","3800","Accra Zoo",2012-03-15 00:00:00,"2017-07-03","E. helvum","A","F","P",NA,NA,19.5,8,2.9704144655697,2.07944154167984,0.118178115959323,0.176187455785987
"A146","4194","Accra Zoo",2012-03-15 00:00:00,"2017-08-03","E. helvum","A","F","P",NA,NA,85.5,14.25,4.44851637594271,2.65675690671466,0.412710729246737,0.0905451411337068
"A147","2857","Accra Zoo",2012-03-15 00:00:00,"2017-07-03","E. helvum","A","F","P",NA,NA,30.5,8.25,3.41772668361337,2.11021320034659,0.210511291582834,0.181264599414435
"A148","5873","Accra Zoo",2012-03-15 00:00:00,"2017-07-03","E. helvum","A","F","P",NA,NA,10.75,5.25,2.37490575457367,1.65822807660353,-0.00474544431856731,0.106689698658597
"A151","9675","Accra Zoo",2012-03-15 00:00:00,"2017-07-03","E. helvum","A","F","P",NA,NA,11.5,6.5,2.4423470353692,1.87180217690159,0.0091756322198799,0.141928175539972
"A155","3250","Accra Zoo",2012-03-15 00:00:00,"2017-07-03","E. helvum","A","F","P",NA,NA,40.5,8.75,3.70130197411249,2.16905370036952,0.269046261216925,0.190972937629851
"A159","6826","Accra Zoo",2012-03-15 00:00:00,"2017-07-03","E. helvum","A","M",NA,NA,NA,11,6.25,2.39789527279837,1.83258146374831,0,0.135456987358474
"A160","3240","Accra Zoo",2012-03-15 00:00:00,"2017-07-03","E. helvum","A","F",NA,NA,NA,9.5,5.5,2.2512917986065,1.70474809223843,-0.0302615573274011,0.114365229039779
"A163","2317","Accra Zoo",2012-03-15 00:00:00,"2017-07-03","E. helvum","A","F",NA,NA,NA,16,5.75,2.77258872223978,1.74919985480926,0.0773433737704785,0.121699509767183
"A164","7128","Accra Zoo",2012-03-15 00:00:00,"2017-07-03","E. helvum","A","F","P",NA,NA,18,8.5,2.89037175789616,2.14006616349627,0.101655881406184,0.186190163658052
"A170","6929","Accra Zoo",2012-03-15 00:00:00,"2017-08-03","E. helvum","J","M",NA,NA,NA,12.25,5.75,2.50552593699074,1.74919985480926,0.0390300772374852,-0.0882777100524426
"A171","4569","Accra Zoo",2012-03-15 00:00:00,"2017-07-03","E. helvum","J","M",NA,NA,NA,13,5,2.56494935746154,1.6094379124341,0.0344829260539521,0.0986396070523408
"A172",NA,"Accra Zoo",2012-03-15 00:00:00,"2017-07-03","E. helvum","A","F",NA,NA,NA,14.75,4.5,2.69124308278583,1.50407739677627,0.0605521909882201,0.0812557384557428
"A173","8308","Accra Zoo",2012-03-15 00:00:00,"2017-07-03","E. helvum","J","F",NA,NA,NA,8.5,9.25,2.14006616349627,2.22462355152433,-0.0532205011840753,0.200141637919294
"A174","9231","Accra Zoo",2012-03-15 00:00:00,"2017-07-03","E. helvum",NA,"?","SIM",NA,NA,10.5,6.5,2.35137525716348,1.87180217690159,-0.00960255633617807,0.141928175539972
"A176","3647","Accra Zoo",2012-03-15 00:00:00,"2017-07-03","E. helvum",NA,"?","SIM",NA,NA,10.25,7,2.32727770558442,1.94591014905531,-0.014576718391883,0.154155557323719
"A186","4846","Accra Zoo",2012-03-15 00:00:00,"2017-07-03","E. helvum","A","F","P",NA,NA,12.5,4.5,2.52572864430826,1.50407739677627,0.0263870752151366,0.0812557384557428
"A188","6353","Accra Zoo",2012-03-15 00:00:00,"2017-07-03","E. helvum","A","F","P",NA,NA,20,5,2.99573227355399,1.6094379124341,0.123404160580325,0.0986396070523408
"A192","9057","Accra Zoo",2012-03-15 00:00:00,"2017-07-03","E. helvum","A","M",NA,NA,NA,9,6.25,2.19722457733622,1.83258146374831,-0.0414219907688509,0.135456987358474
"A193","1777","Accra Zoo",2012-03-15 00:00:00,"2017-07-03","E. helvum","A","M",NA,NA,NA,83.5,4.5,4.42484663185681,1.50407739677627,0.418398711832164,0.0812557384557428
NA,NA,"Accra Zoo",2012-03-15 00:00:00,"2017-07-03","E. helvum",NA,NA,NA,NA,NA,11,7.5,2.39789527279837,2.01490302054226,0,0.165538977426998
"B119","4099","Accra Zoo",2012-03-15 00:00:00,"2017-07-03","E. helvum",NA,"?","SIM",NA,NA,10.5,6.5,2.35137525716348,1.87180217690159,-0.00960255633617807,0.141928175539972
"D040","8106","Accra Zoo",2012-03-15 00:00:00,"2017-07-03","E. helvum","A","F","P",NA,NA,8.75,5,2.16905370036952,1.6094379124341,-0.047236959431702,0.0986396070523408
"D093","4438","Accra Zoo",2012-03-15 00:00:00,"2017-07-03","E. helvum","A","M",NA,NA,NA,23.25,8,3.14630513203337,2.07944154167984,0.154485069228237,0.176187455785987
"669","669","Accra Zoo",2012-06-19 00:00:00,"2017-07-03","E. helvum",NA,"?","NRS",NA,NA,23.25,5,3.14630513203337,1.6094379124341,0.154485069228237,0.0986396070523408
"778","778","Accra Zoo",2012-06-19 00:00:00,"2017-07-03","E. helvum","A","F","NRS",NA,NA,27,8.25,3.29583686600433,2.11021320034659,0.185351071311555,0.181264599414435
"832","832","Accra Zoo",2012-06-19 00:00:00,"2017-07-03","E. helvum",NA,NA,"NRS",NA,NA,14,8.5,2.63905732961526,2.14006616349627,0.0497801259334866,0.186190163658052
"1037","1037","Accra Zoo",2012-06-19 00:00:00,"2017-07-03","E. helvum","A","F","NRS",NA,NA,11,10.5,2.39789527279837,2.35137525716348,0,0.221054927698375
"1349","1349","Accra Zoo",2012-06-19 00:00:00,"2017-07-03","E. helvum",NA,"?","NRS",NA,NA,9.25,4.5,2.22462355152433,1.50407739677627,-0.035766356530467,0.0812557384557428
"1492","1492","Accra Zoo",2012-06-19 00:00:00,"2017-07-03","E. helvum",NA,"?","NRS",NA,NA,12.5,12.5,2.52572864430826,2.52572864430826,0.0263870752151366,0.249822216398252
"1534","1534","Accra Zoo",2012-06-19 00:00:00,"2017-07-03","E. helvum","JUV","M","NRS",NA,NA,12.25,12,2.50552593699074,2.484906649788,0.0222168780964948,0.243086826160643
"1786","1786","Accra Zoo",2012-06-19 00:00:00,"2017-07-03","E. helvum",NA,"?","NRS",NA,NA,21.5,8,3.06805293513362,2.07944154167984,0.138332427856468,0.176187455785987
"2183","2183","Accra Zoo",2012-06-19 00:00:00,"2017-07-03","E. helvum",NA,"?","NRS",NA,NA,13.5,5.25,2.60268968544438,1.65822807660353,0.0422731991365196,0.106689698658597
"2857","2857","Accra Zoo",2012-06-19 00:00:00,"2017-07-03","E. helvum",NA,NA,"NRS",NA,NA,14,7.75,2.63905732961526,2.04769284336526,0.0497801259334866,0.170949106332515
"3072","3072","Accra Zoo",2012-06-19 00:00:00,"2017-07-03","E. helvum","A","M","NRS",NA,NA,14,8.5,2.63905732961526,2.14006616349627,0.0497801259334866,0.186190163658052
"3428","3428","Accra Zoo",2012-06-19 00:00:00,"2017-07-03","E. helvum","SA","F","NRS",NA,NA,7.5,5.25,2.01490302054226,1.65822807660353,-0.0790563938643749,0.106689698658597
"3603","3603","Accra Zoo",2012-06-19 00:00:00,"2017-07-03","E. helvum",NA,"?","NRS",NA,NA,14.5,4.75,2.67414864942653,1.55814461804655,0.0570235967449155,0.0901765136064464
"4830","4830","Accra Zoo",2012-06-19 00:00:00,"2017-07-03","E. helvum",NA,NA,"NRS",NA,NA,17,5.5,2.83321334405622,1.70474809223843,0.08985737099096,0.114365229039779
"5113","5113","Accra Zoo",2012-06-19 00:00:00,"2017-07-03","E. helvum","A","F","NRS",NA,NA,11,6.5,2.39789527279837,1.87180217690159,0,0.141928175539972
"5368","5368","Accra Zoo",2012-06-19 00:00:00,"2017-07-03","E. helvum","SA","F","NRS",NA,NA,15.75,6,2.75684036527164,1.79175946922805,0.0740926335691925,0.128721597120865
"5961","5961","Accra Zoo",2012-06-19 00:00:00,"2017-07-03","E. helvum","A","F","NRS",NA,NA,9.5,5.5,2.2512917986065,1.70474809223843,-0.0302615573274011,0.114365229039779
"6479","6479","Accra Zoo",2012-06-19 00:00:00,"2017-07-03","E. helvum","A","M","NRS",NA,NA,13.5,6.5,2.60268968544438,1.87180217690159,0.0422731991365196,0.141928175539972
"6544","6544","Accra Zoo",2012-06-19 00:00:00,"2017-07-03","E. helvum","SA","F","NRS",NA,NA,19.5,7,2.9704144655697,1.94591014905531,0.118178115959323,0.154155557323719
"6698","6698","Accra Zoo",2012-06-19 00:00:00,"2017-07-03","E. helvum","SA","F","NRS",NA,NA,11.75,2.5,2.46385324059017,0.916290731874155,0.0136148944254758,-0.0157256219874379
"7531","7531","Accra Zoo",2012-06-19 00:00:00,"2017-07-03","E. helvum",NA,"?","NRS",NA,NA,16,9,2.77258872223978,2.19722457733622,0.0773433737704785,0.195620967495522
"7817","7817","Accra Zoo",2012-06-19 00:00:00,"2017-07-03","E. helvum",NA,"?","NRS",NA,NA,24.5,9.5,3.19867311755068,2.2512917986065,0.16529475027153,0.204541742646225
"7828","7828","Accra Zoo",2012-06-19 00:00:00,"2017-07-03","E. helvum","SA","M","NRS",NA,NA,11.5,5.5,2.4423470353692,1.70474809223843,0.0091756322198799,0.114365229039779
"9089","9089","Accra Zoo",2012-06-19 00:00:00,"2017-07-03","E. helvum","A","M","NRS",NA,NA,571.75,6,6.34870183290289,1.79175946922805,0.815516548070326,0.128721597120865
"9186","9186","Accra Zoo",2012-06-19 00:00:00,"2017-07-03","E. helvum",NA,NA,"NRS",NA,NA,12.5,6,2.52572864430826,1.79175946922805,0.0263870752151366,0.128721597120865
"9937","9937","Accra Zoo",2012-06-19 00:00:00,"2017-07-03","E. helvum",NA,NA,"NRS",NA,NA,22.75,6,3.12456514539696,1.79175946922805,0.149997550391996,0.128721597120865
"A001","7739","Accra Zoo",2012-06-19 00:00:00,"2017-07-03","E. helvum","SA","F","NRS",NA,NA,23,7,3.13549421592915,1.94591014905531,0.152253504394915,0.154155557323719
"A057","4829","Accra Zoo",2012-06-19 00:00:00,"2017-07-03","E. helvum","SA","F","NRS",NA,NA,15,6.25,2.70805020110221,1.83258146374831,0.0640214783106604,0.135456987358474
"A058","5349","Accra Zoo",2012-06-19 00:00:00,"2017-07-03","E. helvum","SA","F","NRS",NA,NA,11.5,9,2.4423470353692,2.19722457733622,0.0091756322198799,0.195620967495522
"A059","7628","Accra Zoo",2012-06-19 00:00:00,"2017-07-03","E. helvum","A","F","P",NA,NA,10.5,9.5,2.35137525716348,2.2512917986065,-0.00960255633617807,0.204541742646225
"A060","3940","Accra Zoo",2012-06-19 00:00:00,"2017-07-03","E. helvum","A","F","NRS",NA,NA,15.75,6.25,2.75684036527164,1.83258146374831,0.0740926335691925,0.135456987358474
"A062","7615","Accra Zoo",2012-06-19 00:00:00,"2017-07-03","E. helvum","SA","F","NRS",NA,NA,11.75,5.5,2.46385324059017,1.70474809223843,0.0136148944254758,0.114365229039779
"A064","3282","Accra Zoo",2012-06-19 00:00:00,"2017-07-03","E. helvum","A","F","NRS",NA,NA,19,7.5,2.94443897916644,2.01490302054226,0.112816314847634,0.165538977426998
"A066","7054","Accra Zoo",2012-06-19 00:00:00,"2017-07-03","E. helvum","SA","F","NRS",NA,NA,12,7.5,2.484906649788,2.01490302054226,0.0179606915008138,0.165538977426998
"A067","691","Accra Zoo",2012-06-19 00:00:00,"2017-07-03","E. helvum","A","M","NRS",NA,NA,15,8,2.70805020110221,2.07944154167984,0.0640214783106604,0.176187455785987
"A068","3660","Accra Zoo",2012-06-19 00:00:00,"2017-07-03","E. helvum","A","F","P",NA,NA,18,3.5,2.89037175789616,1.25276296849537,0.101655881406184,0.0397903282839398
"A069","1044","Accra Zoo",2012-06-19 00:00:00,"2017-07-03","E. helvum","A","M","NRS",NA,NA,16,12.5,2.77258872223978,2.52572864430826,0.0773433737704785,0.249822216398252
"A070","8509","Accra Zoo",2012-06-19 00:00:00,"2017-07-03","E. helvum","A","F","NRS",NA,NA,15.5,6,2.7408400239252,1.79175946922805,0.0707898793228668,0.128721597120865
"A071","4569","Accra Zoo",2012-06-19 00:00:00,"2017-07-03","E. helvum","SA","M","NRS",NA,NA,23,4,3.13549421592915,1.38629436111989,0.152253504394915,0.061822226746208
"A072","6510","Accra Zoo",2012-06-19 00:00:00,"2017-07-03","E. helvum","A","M","NRS",NA,NA,16,6.25,2.77258872223978,1.83258146374831,0.0773433737704785,0.135456987358474
"A073","3913","Accra Zoo",2012-06-19 00:00:00,"2017-07-03","E. helvum","A","F","NRS",NA,NA,19,8,2.94443897916644,2.07944154167984,0.112816314847634,0.176187455785987
"A076","4509","Accra Zoo",2012-06-19 00:00:00,"2017-07-03","E. helvum","A","F","NRS",NA,NA,13,5.25,2.56494935746154,1.65822807660353,0.0344829260539521,0.106689698658597
"A077","5151","Accra Zoo",2012-06-19 00:00:00,"2017-07-03","E. helvum","A","M","NRS",NA,NA,16,7,2.77258872223978,1.94591014905531,0.0773433737704785,0.154155557323719
"A080","890","Accra Zoo",2012-06-19 00:00:00,"2017-07-03","E. helvum","SA","F","NRS",NA,NA,11,4.25,2.39789527279837,1.44691898293633,0,0.0718249346182728
"A083","2966","Accra Zoo",2012-06-19 00:00:00,"2017-07-03","E. helvum","A","M","NRS",NA,NA,17.5,8.75,2.86220088092947,2.16905370036952,0.0958409127433334,0.190972937629851
"A084","5868","Accra Zoo",2012-06-19 00:00:00,"2017-07-03","E. helvum","A","M","NRS",NA,NA,15,6.5,2.70805020110221,1.87180217690159,0.0640214783106604,0.141928175539972
"A085","3261","Accra Zoo",2012-06-19 00:00:00,"2017-07-03","E. helvum","A","F","NRS",NA,NA,13,4,2.56494935746154,1.38629436111989,0.0344829260539521,0.061822226746208
"A086","3904","Accra Zoo",2012-06-19 00:00:00,"2017-07-03","E. helvum","A","F","NRS",NA,NA,16.5,7.25,2.80336038090653,1.98100146886658,0.0836951899053705,0.15994541976575
"A087","9238","Accra Zoo",2012-06-19 00:00:00,"2017-07-03","E. helvum","A","M","NRS",NA,NA,12.5,8.75,2.52572864430826,2.16905370036952,0.0263870752151366,0.190972937629851
"A088","2453","Accra Zoo",2012-06-19 00:00:00,"2017-07-03","E. helvum","A","F","NRS",NA,NA,12,6,2.484906649788,1.79175946922805,0.0179606915008138,0.128721597120865
"A092","832","Accra Zoo",2012-06-19 00:00:00,"2017-07-03","E. helvum","A","M","NRS",NA,NA,19,7,2.94443897916644,1.94591014905531,0.112816314847634,0.154155557323719
"A097","949","Accra Zoo",2012-06-19 00:00:00,"2017-07-03","E. helvum","A","F","NRS",NA,NA,14.5,8,2.67414864942653,2.07944154167984,0.0570235967449155,0.176187455785987
"A105","7745","Accra Zoo",2012-06-19 00:00:00,"2017-07-03","E. helvum","A","M","NRS",NA,NA,23,8.75,3.13549421592915,2.16905370036952,0.152253504394915,0.190972937629851
"A106","2905","Accra Zoo",2012-06-19 00:00:00,"2017-07-03","E. helvum","A","F","NRS",NA,NA,17.5,5.5,2.86220088092947,1.70474809223843,0.0958409127433334,0.114365229039779
"A111","1383","Accra Zoo",2012-06-19 00:00:00,"2017-07-03","E. helvum","A","F","NRS",NA,NA,25,6.5,3.2188758248682,1.87180217690159,0.169464947390172,0.141928175539972
"A114","8029","Accra Zoo",2012-06-19 00:00:00,"2017-07-03","E. helvum","A","M","NRS",NA,NA,10.25,4,2.32727770558442,1.38629436111989,-0.014576718391883,0.061822226746208
"A121","5886","Accra Zoo",2012-06-19 00:00:00,"2017-07-03","E. helvum","A","M","NRS",NA,NA,19,5.75,2.94443897916644,1.74919985480926,0.112816314847634,0.121699509767183
"A123","5678","Accra Zoo",2012-06-19 00:00:00,"2017-07-03","E. helvum","A","M","NRS",NA,NA,17,6.25,2.83321334405622,1.83258146374831,0.08985737099096,0.135456987358474
"A126","8009","Accra Zoo",2012-06-19 00:00:00,"2017-07-03","E. helvum","A","M","NRS",NA,NA,17.5,6.5,2.86220088092947,1.87180217690159,0.0958409127433334,0.141928175539972
"A130","3767","Accra Zoo",2012-06-19 00:00:00,"2017-07-03","E. helvum","A","M","NRS",NA,NA,11.5,3.5,2.4423470353692,1.25276296849537,0.0091756322198799,0.0397903282839398
"A131","1760","Accra Zoo",2012-06-19 00:00:00,"2017-07-03","E. helvum","A","M","NRS",NA,NA,17,7,2.83321334405622,1.94591014905531,0.08985737099096,0.154155557323719
"A132","4204","Accra Zoo",2012-06-19 00:00:00,"2017-07-03","E. helvum","A","F","NRS",NA,NA,9,5.5,2.19722457733622,1.70474809223843,-0.0414219907688509,0.114365229039779
"A141","5574","Accra Zoo",2012-06-19 00:00:00,"2017-07-03","E. helvum",NA,NA,"NRS",NA,NA,11.5,5.5,2.4423470353692,1.70474809223843,0.0091756322198799,0.114365229039779
"A143","8229","Accra Zoo",2012-06-19 00:00:00,"2017-07-03","E. helvum","A","F","NRS",NA,NA,15,8.5,2.70805020110221,2.14006616349627,0.0640214783106604,0.186190163658052
NA,NA,NA,NA,"2017-08-03",NA,NA,NA,NA,NA,NA,19.5,7,2.9704144655697,1.94591014905531,0.128438570963636,-0.0495183884198314
"A147","2857","Accra Zoo",2012-06-19 00:00:00,"2017-08-03","E. helvum","A","F","NRS",NA,NA,18,6,2.89037175789616,1.79175946922805,0.113044562536005,-0.0798918663418198
"A148","5873","Accra Zoo",2012-06-19 00:00:00,"2017-08-03","E. helvum","A","F","NRS",NA,NA,15.5,6,2.7408400239252,1.79175946922805,0.0842862553790832,-0.0798918663418198
"A151","9186","Accra Zoo",2012-06-19 00:00:00,"2017-08-03","E. helvum","A","F","NRS",NA,NA,19.5,5.75,2.9704144655697,1.74919985480926,0.128438570963636,-0.0882777100524426
"A152","3900","Accra Zoo",2012-06-19 00:00:00,"2017-08-03","E. helvum",NA,NA,"NRS",NA,NA,17.25,4.5,2.84781214347737,1.50407739677627,0.104859393866901,-0.136576047598482
"A153","8869","Accra Zoo",2012-06-19 00:00:00,"2017-08-03","E. helvum","A","F","NRS",NA,NA,16,6.25,2.77258872223978,1.83258146374831,0.0903922423406231,-0.0718483990623894
"A155","3250","Accra Zoo",2012-06-19 00:00:00,"2017-08-03","E. helvum","A","F","NRS",NA,NA,59.5,7.25,4.08597631255158,1.98100146886658,0.342986141543389,-0.0426040794545032
"A159","6826","Accra Zoo",2012-06-19 00:00:00,"2017-08-03","E. helvum","A","F","NRS",NA,NA,11.25,6,2.42036812865043,1.79175946922805,0.0226523201953821,-0.0798918663418198
"A160","3240","Accra Zoo",2012-06-19 00:00:00,"2017-08-03","E. helvum","A","F","NRS",NA,NA,10.25,10.5,2.32727770558442,2.35137525716348,0.00474894337491376,0.0303734779219884
"A163","2317","Accra Zoo",2012-06-19 00:00:00,"2017-08-03","E. helvum","A","F","NRS",NA,NA,11,4.25,2.39789527279837,1.44691898293633,0.0183302858410408,-0.147838403513935
"A164","7128","Accra Zoo",2012-06-19 00:00:00,"2017-08-03","E. helvum","A","F","NRS",NA,NA,15,4.25,2.70805020110221,1.44691898293633,0.0779800368171576,-0.147838403513935
"A170","6929","Accra Zoo",2012-06-19 00:00:00,"2017-08-03","E. helvum","SA","M","NRS",NA,NA,13.5,9.5,2.60268968544438,2.2512917986065,0.0577168459142297,0.010653274791887
"A172",NA,"Accra Zoo",2012-06-19 00:00:00,"2017-08-03","E. helvum","A","F","NRS",NA,NA,23,10.5,3.13549421592915,2.35137525716348,0.160187110488677,0.0303734779219884
"A173","8308","Accra Zoo",2012-06-19 00:00:00,"2017-08-03","E. helvum","SA","F","NRS",NA,NA,11.5,6,2.4423470353692,1.79175946922805,0.0268793570497438,-0.0798918663418198
"A174","9231","Accra Zoo",2012-06-19 00:00:00,"2017-08-03","E. helvum","SA","F","NRS",NA,NA,11.5,10.75,2.4423470353692,2.37490575457367,0.0268793570497438,0.0350098703425916
"A176","3647","Accra Zoo",2012-06-19 00:00:00,"2017-08-03","E. helvum","SA","F","NRS",NA,NA,11.5,6.5,2.4423470353692,1.87180217690159,0.0268793570497438,-0.0641204443989344
"A185","9846","Accra Zoo",2012-06-19 00:00:00,"2017-08-03","E. helvum","A","F","NRS",NA,NA,14,9.25,2.63905732961526,2.22462355152433,0.0647111597890541,0.00539862774864433
"A188","6553","Accra Zoo",2012-06-19 00:00:00,"2017-08-03","E. helvum","A","F","NRS",NA,NA,12.5,8,2.52572864430826,2.07944154167984,0.04291551109831,-0.0232076850851575
"A189","8793","Accra Zoo",2012-06-19 00:00:00,"2017-08-03","E. helvum","A","M","NRS",NA,NA,21.5,7.5,3.06805293513362,2.01490302054226,0.147216639160158,-0.0359241995311948
"A192","9051","Accra Zoo",2012-06-19 00:00:00,"2017-08-03","E. helvum",NA,NA,"NRS",NA,NA,14.5,9.5,2.67414864942653,2.2512917986065,0.0714600078554469,0.010653274791887
"A193","1777","Accra Zoo",2012-06-19 00:00:00,"2017-08-03","E. helvum","A","M","NRS",NA,NA,77.5,5.5,4.3502779363593,1.70474809223843,0.393817273355259,-0.0970363780683844
"A195","982","Accra Zoo",2012-06-19 00:00:00,"2017-08-03","E. helvum","A","M","NRS",NA,NA,13.75,6.75,2.62103882411258,1.90954250488444,0.0612457969393507,-0.0566841812566624
"A196","174","Accra Zoo",2012-06-19 00:00:00,"2017-08-03","E. helvum","A","M","NRS",NA,NA,18,5.75,2.89037175789616,1.74919985480926,0.113044562536005,-0.0882777100524426
"B119","4099","Accra Zoo",2012-06-19 00:00:00,"2017-08-03","E. helvum","SA","F","NRS",NA,NA,12.75,4.5,2.54553127160443,1.50407739677627,0.0467240005953164,-0.136576047598482
"B158","B158","Accra Zoo",2012-06-19 00:00:00,"2017-08-03","E. helvum",NA,NA,"NRS",NA,NA,12,5,2.484906649788,1.6094379124341,0.0350645257188476,-0.115816065873015
"D040","8106","Accra Zoo",2012-06-19 00:00:00,"2017-08-03","E. helvum","A","M","NRS",NA,NA,17,10.75,2.83321334405622,2.37490575457367,0.102051717217092,0.0350098703425916
"D093","4438","Accra Zoo",2012-06-19 00:00:00,"2017-08-03","E. helvum","A","F","NRS",NA,NA,15.5,8,2.7408400239252,2.07944154167984,0.0842862553790832,-0.0232076850851575
"958…0669","669","Accra Zoo",2012-09-11 00:00:00,"2017-09-03","E. helvum","SIM","F",NA,NA,NA,20,7.25,2.99573227355399,1.98100146886658,0.0940945222507129,0.103771824934374
"958…0778","778","Accra Zoo",2012-09-11 00:00:00,"2017-09-03","E. helvum","A","F",NA,NA,NA,12.75,11.5,2.54553127160443,2.4423470353692,-0.0379765494046199,0.143638432163232
"958…0949","949","Accra Zoo",2012-09-11 00:00:00,"2017-09-03","E. helvum","A","F",NA,NA,NA,16,9.25,2.77258872223978,2.22462355152433,0.0589736016190023,0.146282008152961
"598...1037","1037","Accra Zoo",2012-09-11 00:00:00,"2017-09-03","E. helvum","SA","F",NA,NA,NA,16,11.25,2.77258872223978,2.42036812865043,0,0.13961223732831
"958…0174","174","Accra Zoo",2012-09-11 00:00:00,"2017-09-03","E. helvum","A","M",NA,NA,NA,13.5,4.25,2.60268968544438,1.44691898293633,0.032232920333111,0.0105785311120367
"958…1492","1492","Accra Zoo",2012-09-11 00:00:00,"2017-09-03","E. helvum","J","M",NA,NA,NA,17,6.25,2.83321334405622,1.83258146374831,0.0101397859401044,0.0319388364378384
"958…1534","1534","Accra Zoo",2012-09-11 00:00:00,"2017-09-03","E. helvum",NA,NA,NA,NA,NA,22,10.5,3.09104245335832,2.35137525716348,0.109095543972323,0.16839920775657
"958…1879","1879","Accra Zoo",2012-09-11 00:00:00,"2017-09-03","E. helvum","J",NA,NA,NA,NA,20.5,9.5,3.02042488614436,2.2512917986065,0.0414518981713109,0.108640075908245
"958…2183","2183","Accra Zoo",2012-09-11 00:00:00,"2017-09-03","E. helvum","J",NA,NA,NA,NA,18,5,2.89037175789616,1.6094379124341,0.0775116620858492,0.0389368367059701
"958…3072","3072","Accra Zoo",2012-09-11 00:00:00,"2017-09-03","E. helvum","A","M",NA,NA,NA,23,8,3.13549421592915,2.07944154167984,0.0606978470503308,0.0771597741047393
"958…3428","3428","Accra Zoo",2012-09-11 00:00:00,"2017-09-03","E. helvum","SA","F",NA,NA,NA,16.5,8.75,2.80336038090653,2.16905370036952,0.0638168022195851,0.136585495717595
"A071","3528","Accra Zoo",2012-09-11 00:00:00,"2017-09-03","E. helvum","A","F",NA,NA,NA,22.5,9.5,3.11351530921037,2.2512917986065,0.0570217596348793,0.108640075908245
"958…3603","3603","Accra Zoo",2012-09-11 00:00:00,"2017-09-03","E. helvum","SIM","M",NA,NA,NA,25,8.5,3.2188758248682,2.14006616349627,0.129215442882423,0.131527393060832
"4146","4146","Accra Zoo",2012-09-11 00:00:00,"2017-09-03","E. helvum","SA","F",NA,NA,NA,17.5,7.5,2.86220088092947,2.01490302054226,0.0149881035051302,0.0653373179752164
"958…4473","4473","Accra Zoo",2012-09-11 00:00:00,"2017-09-03","E. helvum","J",NA,NA,NA,NA,23.75,5.75,3.16758253048065,1.74919985480926,0.121142309195546,0.0633242227447807
"958…4803","4803","Accra Zoo",2012-09-11 00:00:00,"2017-09-03","E. helvum","A","F",NA,NA,NA,26.75,8.25,3.28653447334202,2.11021320034659,0.085960122221993,0.0827966647277035
"958…5368","5368","Accra Zoo",2012-09-11 00:00:00,"2017-09-03","E. helvum","J","M",NA,NA,NA,17.25,9,2.84781214347737,2.19722457733622,0.0708131362655176,0.14150109748989
"958…5961","5961","Accra Zoo",2012-09-11 00:00:00,"2017-09-03","E. helvum","SA","F",NA,NA,NA,18.25,6,2.9041650800285,1.79175946922805,0.0220068358825544,0.0244608801595005
"958…6479","6479","Accra Zoo",2012-09-11 00:00:00,"2017-09-03","E. helvum","A","M",NA,NA,NA,20.5,9.25,3.02042488614436,2.22462355152433,0.0979809320612069,0.146282008152961
"958…6544","6544","Accra Zoo",2012-09-11 00:00:00,"2017-09-03","E. helvum","SA","F",NA,NA,NA,27.5,8,3.31418600467253,2.07944154167984,0.0905849858534137,0.0771597741047393
"958…6698","6698","Accra Zoo",2012-09-11 00:00:00,"2017-09-03","E. helvum","A","F",NA,NA,NA,21,5.75,3.04452243772342,1.74919985480926,0.101773684266871,0.0633242227447807
"958…7531","7531","Accra Zoo",2012-09-11 00:00:00,"2017-09-03","E. helvum","J",NA,NA,NA,NA,17.5,5.25,2.86220088092947,1.65822807660353,0.0149881035051302,0
"958…7610","7610","Accra Zoo",2012-09-11 00:00:00,"2017-09-03","E. helvum",NA,NA,NA,NA,NA,16.75,11.5,2.81839825827108,2.4423470353692,0.0661836378026835,0.184273084693576
"958…7745","7745","Accra Zoo",2012-09-11 00:00:00,"2017-09-03","E. helvum","A","F",NA,NA,NA,30.25,4.75,3.40949618447685,1.55814461804655,0.106526113272814,-0.0183337373900877
"7817","7817","Accra Zoo",2012-09-11 00:00:00,"2017-09-03","E. helvum",NA,NA,NA,NA,NA,22.5,7.25,3.11351530921037,1.98100146886658,0.11263258271756,0.103771824934374
"958…7828","7828","Accra Zoo",2012-09-11 00:00:00,"2017-09-03","E. helvum","SA","M",NA,NA,NA,14.5,8.25,2.67414864942653,2.11021320034659,-0.0164646184396334,0.0827966647277035
"A114","8029","Accra Zoo",2012-09-11 00:00:00,"2017-09-03","E. helvum","A","M",NA,NA,NA,20,10,2.99573227355399,2.30258509299405,0.0940945222507129,0.159885698654765
"B119","4099","Accra Zoo",2012-09-11 00:00:00,"2017-09-03","E. helvum","SA","F",NA,NA,NA,15,7,2.70805020110221,1.94591014905531,-0.0107944061277174,0.0526988939452388
"958…8229","8229","Accra Zoo",2012-09-11 00:00:00,"2017-09-03","E. helvum","A","F",NA,NA,NA,18,10.75,2.89037175789616,2.37490575457367,0.0775116620858492,0.172505098918896
"958…8615","8615","Accra Zoo",2012-09-11 00:00:00,"2017-09-03","E. helvum",NA,NA,NA,NA,NA,21.5,8.75,3.06805293513362,2.16905370036952,0.0494179391465129,0.0935753317609547
"958…8793","8793","Accra Zoo",2012-09-11 00:00:00,"2017-09-03","E. helvum","A","M",NA,NA,NA,21.5,11.75,3.06805293513362,2.46385324059017,0.105477186909457,0.188025752408694
"9001","9001","Accra Zoo",2012-09-11 00:00:00,"2017-09-03","E. helvum",NA,NA,NA,NA,NA,686.5,9,6.53160622520803,2.19722457733622,0.628715391258259,0.0987357995125945
"958…9186","9186","Accra Zoo",2012-09-11 00:00:00,"2017-09-03","E. helvum","SA","F",NA,NA,NA,16,9,2.77258872223978,2.19722457733622,0.0589736016190023,0.14150109748989
"958…9464","9464","Accra Zoo",2012-09-11 00:00:00,"2017-09-03","E. helvum","J",NA,NA,NA,NA,19,9,2.94443897916644,2.19722457733622,0.0287428567268338,0.0987357995125945
"9474","9474","Accra Zoo",2012-09-11 00:00:00,"2017-09-03","E. helvum",NA,NA,NA,NA,NA,21.75,7.25,3.07961375753469,1.98100146886658,0.107296763247622,0.103771824934374
"958…9675","9675","Accra Zoo",2012-09-11 00:00:00,"2017-09-03","E. helvum","A","F",NA,NA,NA,13,5.25,2.56494935746154,1.65822807660353,-0.0347287727083172,0
"A001","7739","Accra Zoo",2012-09-11 00:00:00,"2017-09-03","E. helvum","A","F",NA,NA,NA,284,9.75,5.64897423816121,2.27726728500976,0.511692520968947,0.155467935517845
"A012",NA,"Accra Zoo",2012-09-11 00:00:00,"2017-09-03","E. helvum","SIM",NA,NA,NA,NA,19,7,2.94443897916644,1.94591014905531,0.0287428567268338,0.0526988939452388
"A013",NA,"Accra Zoo",2012-09-11 00:00:00,"2017-09-03","E. helvum","J",NA,NA,NA,NA,26.25,6,3.26766598903763,1.79175946922805,0.136894604898582,0.070750548744945
"A014",NA,"Accra Zoo",2012-09-11 00:00:00,"2017-09-03","E. helvum","J",NA,NA,NA,NA,17.75,4.5,2.87638551592142,1.50407739677627,0.0173605580977947,-0.0282380137857383
"A015",NA,"Accra Zoo",2012-09-11 00:00:00,"2017-09-03","E. helvum","J",NA,NA,NA,NA,16.5,7.5,2.80336038090653,2.01490302054226,0.0638168022195851,0.109687385450915
"A016",NA,"Accra Zoo",2012-09-11 00:00:00,"2017-09-03","E. helvum",NA,NA,NA,NA,NA,19.5,7.25,2.9704144655697,1.98100146886658,0.0330873930542795,0.0591270794952527
"A017",NA,"Accra Zoo",2012-09-11 00:00:00,"2017-09-03","E. helvum","SIM","M",NA,NA,NA,25.75,5,3.24843462710975,1.6094379124341,0.133867750069342,0.0389368367059701
"A018",NA,"Accra Zoo",2012-09-11 00:00:00,"2017-09-03","E. helvum","J",NA,NA,NA,NA,16.25,5.25,2.78809290877575,1.65822807660353,0.00259315650868966,0
"A057","4829","Accra Zoo",2012-09-11 00:00:00,"2017-09-03","E. helvum","SA","F",NA,NA,NA,16.5,7.75,2.80336038090653,2.04769284336526,0.0638168022195851,0.115408957817032
"A058","5349","Accra Zoo",2012-09-11 00:00:00,"2017-09-03","E. helvum","SA","M",NA,NA,NA,14,3.75,2.63905732961526,1.32175583998232,-0.0223338257118768,-0.0616364953231163
"A059","7628","Accra Zoo",2012-09-11 00:00:00,"2017-09-03","E. helvum","A","F",NA,NA,NA,17,6.75,2.83321334405622,1.90954250488444,0.0685154078625731,0.09130278428604
"A060","3940","Accra Zoo",2012-09-11 00:00:00,"2017-09-03","E. helvum","A","F",NA,NA,NA,22,6.25,3.09104245335832,1.83258146374831,0.109095543972323,0.0778736734119403
"A062","7615","Accra Zoo",2012-09-11 00:00:00,"2017-09-03","E. helvum",NA,NA,NA,NA,NA,11.5,7.75,2.4423470353692,2.04769284336526,-0.0552346540569902,0.0713439049714276
"A064","3282","Accra Zoo",2012-09-11 00:00:00,"2017-09-03","E. helvum","A","F",NA,NA,NA,12.25,4,2.50552593699074,1.38629436111989,0.0169401624755698,0
"A066","7034","Accra Zoo",2012-09-11 00:00:00,"2017-09-03","E. helvum","SA","F",NA,NA,NA,14,4.5,2.63905732961526,1.50407739677627,-0.0223338257118768,-0.0282380137857383
"A067","691","Accra Zoo",2012-09-11 00:00:00,"2017-09-03","E. helvum","A","M",NA,NA,NA,18,6.25,2.89037175789616,1.83258146374831,0.0775116620858492,0.0778736734119403
"A070","8509","Accra Zoo",2012-09-11 00:00:00,"2017-09-03","E. helvum","A","F",NA,NA,NA,13.5,9,2.60268968544438,2.19722457733622,0.032232920333111,0.14150109748989
"A072","6510","Accra Zoo",2012-09-11 00:00:00,"2017-09-03","E. helvum","A","M",NA,NA,NA,15.25,10.5,2.72457950305342,2.35137525716348,-0.00802979368968669,0.126973813298333
"A073","3913","Accra Zoo",2012-09-11 00:00:00,"2017-09-03","E. helvum",NA,NA,NA,NA,NA,21,11.5,3.04452243772342,2.4423470353692,0.101773684266871,0.184273084693576
"A075","7193","Accra Zoo",2012-09-11 00:00:00,"2017-09-03","E. helvum","A","F",NA,NA,NA,33.5,6.5,3.51154543883102,1.87180217690159,0.123594386253249,0.0391234628043904
"A076","4509","Accra Zoo",2012-09-11 00:00:00,"2017-09-03","E. helvum","A","F",NA,NA,NA,16.5,11,2.80336038090653,2.39789527279837,0.0638168022195851,0.176516593366269
"A077","5151","Accra Zoo",2012-09-11 00:00:00,"2017-09-03","E. helvum","A","M",NA,NA,NA,21.5,10.75,3.06805293513362,2.37490575457367,0.0494179391465129,0.131284235483943
"A080","890","Accra Zoo",2012-09-11 00:00:00,"2017-09-03","E. helvum","SA","F",NA,NA,NA,15.5,7.75,2.7408400239252,2.04769284336526,0.053976623184719,0.115408957817032
"A083","2966","Accra Zoo",2012-09-11 00:00:00,"2017-09-03","E. helvum","A","M",NA,NA,NA,19,8.75,2.94443897916644,2.16905370036952,0.0287428567268338,0.0935753317609547
"A084","5868","Accra Zoo",2012-09-11 00:00:00,"2017-09-03","E. helvum","A","M",NA,NA,NA,23,11.25,3.13549421592915,2.42036812865043,0.116091878018256,0.18043793419586
"A085","3261","Accra Zoo",2012-09-11 00:00:00,"2017-09-03","E. helvum","A","F",NA,NA,NA,19,7.75,2.94443897916644,2.04769284336526,0.0287428567268338,0.0713439049714276
"A086","3904","Accra Zoo",2012-09-11 00:00:00,"2017-09-03","E. helvum","A","F",NA,NA,NA,15.5,2.5,2.7408400239252,0.916290731874155,0.053976623184719,-0.0820120252428248
"A087","9238","Accra Zoo",2012-09-11 00:00:00,"2017-09-03","E. helvum","A","M",NA,NA,NA,16.5,6.75,2.80336038090653,1.90954250488444,0.00514672129168245,0.0460369055673556
"A091","5113","Accra Zoo",2012-09-11 00:00:00,"2017-09-03","E. helvum","A","F",NA,NA,NA,14.5,6.25,2.67414864942653,1.83258146374831,-0.0164646184396334,0.0319388364378384
"A092","832","Accra Zoo",2012-09-11 00:00:00,"2017-09-03","E. helvum","A","M",NA,NA,NA,45,6.75,3.80666248977032,1.90954250488444,0.221728126689883,0.09130278428604
"A111","1385","Accra Zoo",2012-09-11 00:00:00,"2017-09-03","E. helvum","A","F",NA,NA,NA,36,9.75,3.58351893845611,2.27726728500976,0.186607206058173,0.155467935517845
"A121","5886","Accra Zoo",2012-09-11 00:00:00,"2017-09-03","E. helvum","A","M",NA,NA,NA,27,7,3.29583686600433,1.94591014905531,0.0875159961804692,0.0526988939452388
"A123","5678","Accra Zoo",2012-09-11 00:00:00,"2017-09-03","E. helvum","A","M",NA,NA,NA,18.75,6.25,2.93119375241642,1.83258146374831,0.0839367011296852,0.0778736734119403
"A126","8009","Accra Zoo",2012-09-11 00:00:00,"2017-09-03","E. helvum","A","M",NA,NA,NA,20.5,9.5,3.02042488614436,2.2512917986065,0.0414518981713109,0.108640075908245
"A130","3767","Accra Zoo",2012-09-11 00:00:00,"2017-09-03","E. helvum","A","M",NA,NA,NA,18.75,13.5,2.93119375241642,2.60268968544438,0.0839367011296852,0.212251646234835
"A131","1760","Accra Zoo",2012-09-11 00:00:00,"2017-09-03","E. helvum","A","M",NA,NA,NA,16,2.5,2.77258872223978,0.916290731874155,0,-0.13591141467621
"A141","5574","Accra Zoo",2012-09-11 00:00:00,"2017-09-03","E. helvum","A","F",NA,NA,NA,19.5,9,2.9704144655697,2.19722457733622,0.0901097119366874,0.14150109748989
"A144","3800","Accra Zoo",2012-09-11 00:00:00,"2017-09-03","E. helvum","A","F",NA,NA,NA,18.25,8.5,2.9041650800285,2.14006616349627,0.0220068358825544,0.0882652645802016
"A146","4192","Accra Zoo",2012-09-11 00:00:00,"2017-09-03","E. helvum","A","F",NA,NA,NA,39.5,12.25,3.67630067190708,2.50552593699074,0.201210271562026,0.195297318023251
"A147","2857","Accra Zoo",2012-09-11 00:00:00,"2017-09-03","E. helvum","A","M",NA,NA,NA,18.75,7.5,2.93119375241642,2.01490302054226,0.0265275230892895,0.0653373179752164
"A148","5873","Accra Zoo",2012-09-11 00:00:00,"2017-09-03","E. helvum","A","F",NA,NA,NA,14,8,2.63905732961526,2.07944154167984,0.037956882047286,0.120948861948795
"A152","3900","Accra Zoo",2012-09-11 00:00:00,"2017-09-03","E. helvum","A","F",NA,NA,NA,19,5.75,2.94443897916644,1.74919985480926,0.0287428567268338,0.0166646188648997
"A153","8869","Accra Zoo",2012-09-11 00:00:00,"2017-09-03","E. helvum","A","F",NA,NA,NA,24,12,3.17805383034795,2.484906649788,0.122790403838587,0.19169941069374
"A155","3250","Accra Zoo",2012-09-11 00:00:00,"2017-09-03","E. helvum","A","F",NA,NA,NA,52.5,9.75,3.96081316959758,2.27726728500976,0.198736770375048,0.113398382157484
"A159","6826","Accra Zoo",2012-09-11 00:00:00,"2017-09-03","E. helvum","A","F",NA,NA,NA,10.5,8,2.35137525716348,2.07944154167984,-0.00732185970545217,0.120948861948795
"A160","3240","Accra Zoo",2012-09-11 00:00:00,"2017-09-03","E. helvum","A","F",NA,NA,NA,10.5,5.5,2.35137525716348,1.70474809223843,-0.0704501610566011,0.0085217453746096
"A163","2317","Accra Zoo",2012-09-11 00:00:00,"2017-09-03","E. helvum","A","F",NA,NA,NA,9.5,11.5,2.2512917986065,2.4423470353692,-0.0230741554084875,0.184273084693576
"A164","7128","Accra Zoo",2012-09-11 00:00:00,"2017-09-03","E. helvum","SA","F",NA,NA,NA,14.5,5,2.67414864942653,1.6094379124341,-0.0164646184396334,-0.00893760137787752
"A170","6929","Accra Zoo",2012-09-11 00:00:00,"2017-09-03","E. helvum","A","M",NA,NA,NA,19,5.5,2.94443897916644,1.70474809223843,0.0860213885638358,0.0555677314174739
"A171","4569","Accra Zoo",2012-09-11 00:00:00,"2017-09-03","E. helvum","SA","M",NA,NA,NA,12.5,10.75,2.52572864430826,2.37490575457367,-0.0412886426733072,0.131284235483943
"A172",NA,"Accra Zoo",2012-09-11 00:00:00,"2017-09-03","E. helvum","SA","F",NA,NA,NA,26,6.25,3.25809653802148,1.83258146374831,0.135388453689426,0.0778736734119403
"A173","8308","Accra Zoo",2012-09-11 00:00:00,"2017-09-03","E. helvum","SA","F",NA,NA,NA,11.25,7.25,2.42036812865043,1.98100146886658,-0.0589107414724417,0.0591270794952527
"A174","9231","Accra Zoo",2012-09-11 00:00:00,"2017-09-03","E. helvum","SA","F",NA,NA,NA,12,1.25,2.484906649788,0.22314355131421,0.0136948598662642,-0.20296088719162
"A176","3647","Accra Zoo",2012-09-11 00:00:00,"2017-09-03","E. helvum","SA","F",NA,NA,NA,28.25,3.25,3.34109345759245,1.17865499634165,0.0950853984684002,-0.0878503504939423
"A184",NA,"Accra Zoo",2012-09-11 00:00:00,"2017-09-03","E. helvum","J",NA,NA,NA,NA,16.5,5.75,2.80336038090653,1.74919985480926,0.0638168022195851,0.0633242227447807
"A185",NA,"Accra Zoo",2012-09-11 00:00:00,"2017-09-03","E. helvum","J",NA,NA,NA,NA,10.25,6.5,2.32727770558442,1.87180217690159,-0.0744806029360102,0.0391234628043904
"A186",NA,"Accra Zoo",2012-09-11 00:00:00,"2017-09-03","E. helvum","A","M",NA,NA,NA,20.5,4.5,3.02042488614436,1.50407739677627,0.0979809320612069,0.020552235541095
"A188","6353","Accra Zoo",2012-09-11 00:00:00,"2017-09-03","E. helvum","A","F",NA,NA,NA,13,6,2.56494935746154,1.79175946922805,-0.0347287727083172,0.0244608801595005
"A195","982","Accra Zoo",2012-09-11 00:00:00,"2017-09-03","E. helvum","A","M",NA,NA,NA,16,11.75,2.77258872223978,2.46385324059017,0,0.147578035414992
"958…3158","3158","Accra Zoo",2012-09-11 00:00:00,"2017-09-03","E. helvum","J","M",NA,NA,NA,13.75,4.25,2.62103882411258,1.44691898293633,0.0351209206317105,0.0105785311120367
"D040","8106","Accra Zoo",2012-09-11 00:00:00,"2017-09-03","E. helvum","A","M",NA,NA,NA,11.5,2,2.4423470353692,0.693147180559945,-0.0552346540569902,-0.176787852491926
"D093","4438","Accra Zoo",2012-09-11 00:00:00,"2017-09-03","E. helvum","A","F",NA,NA,NA,21.25,3.75,3.05635689537043,1.32175583998232,0.103636328494284,-0.0112614764978798
"7628","7628","Accra Zoo",2013-06-05 00:00:00,"2017-09-03","E. helvum","A","F","L","295","118.4",25.25,7.5,3.22882615572137,2.01490302054226,0.126678146389118,-0.0128109458146493
NA,NA,"Accra Zoo",2013-06-05 00:00:00,"2017-09-03","E. helvum","A","M","NRS","275","121",20,5.5,2.99573227355399,1.70474809223843,0.0898179356670918,-0.074376936336453
"958 7531","7531","Accra Zoo",2013-06-05 00:00:00,"2017-09-03","E. helvum","SA","M","NRS","184","116.4",15.25,8.25,2.72457950305342,2.11021320034659,0.0469392973880514,0.00610819778417844
NA,NA,"Accra Zoo",2013-06-05 00:00:00,"2017-09-03","E. helvum","A","M",NA,"215","111.4",53.25,11.25,3.97499780458953,2.42036812865043,0.244673710907335,0.0676741883059822
"958 3767","3767","Accra Zoo",2013-06-05 00:00:00,"2017-08-03","E. helvum","A","M","NRS","250","120.5",13.75,8,2.62103882411258,2.07944154167984,-0.0167261846743064,0.0748402159012838
"958 2905","2905","Accra Zoo",2013-06-05 00:00:00,"2017-08-03","E. helvum","A","F","L","290","120.5",19,5.5,2.94443897916644,1.70474809223843,0.0506369496757888,0.00808608704134669
"958 4194","4194","Accra Zoo",2013-06-05 00:00:00,"2017-09-03","E. helvum","A","F","L","235","116.9",56,13.25,4.02535169073515,2.58399755243223,0.252636403178544,0.10015475409525
"958 8106","8106","Accra Zoo",2013-06-05 00:00:00,"2017-09-03","E. helvum","A","M","NRS","201","121.8",22,6,3.09104245335832,1.79175946922805,0.104889774013407,-0.0571051114445243
"956 1455","1455","Accra Zoo",2013-06-05 00:00:00,"2017-08-03","E. helvum","JUV","F","NRS","115","96.6",20.5,8.75,3.02042488614436,2.16905370036952,0.066464551426985,0.0908052176847589
"982","982","Accra Zoo",2013-06-05 00:00:00,"2017-08-03","E. helvum","A","M","NRS","220","118",16.5,7,2.80336038090653,1.94591014905531,0.0212507653465872,0.0510507106313283
"1711","1711","Accra Zoo",2013-06-05 00:00:00,"2017-08-03","E. helvum","SA","M","NRS","285","113.4",15.5,7,2.7408400239252,1.94591014905531,0.00822799111121891,0.0510507106313283
"5151","5151","Accra Zoo",2013-06-05 00:00:00,"2017-09-03","E. helvum","A","M","NRS","220","114.5",23,10.75,3.13549421592915,2.37490575457367,0.11191913626046,0.0586498722752325
"7615","7615","Accra Zoo",2013-06-05 00:00:00,"2017-09-03","E. helvum","A","M","NRS","195","107.5",11,7.5,2.39789527279837,2.01490302054226,-0.00472078675828981,-0.0128109458146493
"7193","7193","Accra Zoo",2013-06-05 00:00:00,"2017-09-03","E. helvum","A","F","L","380","120.5",66,5,4.18965474202643,1.6094379124341,0.278618402519562,-0.0932960799352808
"4569","4569","Accra Zoo",2013-06-05 00:00:00,"2017-09-03","E. helvum","A","M","NRS","220","121",16,5.75,2.77258872223978,1.74919985480926,0.0545312166583242,-0.065553227462698
"174","174","Accra Zoo",2013-06-05 00:00:00,"2017-08-03","E. helvum","A","M","NRS","225","118.6",11,5.5,2.39789527279837,1.70474809223843,-0.0632062150380304,0.00808608704134669
"2453","2453","Accra Zoo",2013-06-05 00:00:00,"2017-08-03","E. helvum","A","M","P","255","121.5",27.75,9.5,3.32323584019244,2.2512917986065,0.12953902638147,0.105456481578192
"1037","1037","Accra Zoo",2013-06-05 00:00:00,"2017-08-03","E. helvum","A","F","NRS","335","126.3",18.5,13.25,2.91777073208428,2.58399755243223,0.0450820459968528,0.164730223343455
"4509","4509","Accra Zoo",2013-06-05 00:00:00,"2017-09-03","E. helvum","A","F","NRS","120","129.1",22.25,4,3.10234200861225,1.38629436111989,0.106676624804394,-0.137590245565156
"5868","5868","Accra Zoo",2013-06-05 00:00:00,"2017-09-03","E. helvum","A","M","NRS","220","118.3",34.75,10,3.5481795720108,2.30258509299405,0.177178975110031,0.044294165629875
"1369","1369","Accra Zoo",2013-06-05 00:00:00,"2017-08-03","E. helvum","A","F","NRS","255","121.9",15.5,7.25,2.7408400239252,1.98100146886658,0.00822799111121891,0.0573024625315523
"3940","3940","Accra Zoo",2013-06-05 00:00:00,"2017-08-03","E. helvum","A","F","P","265","120",39,8.25,3.66356164612965,2.11021320034659,0.200427715301036,0.0803223914528895
"5349","5349","Accra Zoo",2013-06-05 00:00:00,"2017-09-03","E. helvum","A","M","NRS","220","115.6",14.25,7.5,2.65675690671466,2.01490302054226,0.0362141974003713,-0.0128109458146493
"2317","2317","Accra Zoo",2013-06-05 00:00:00,"2017-08-03","E. helvum","A","M","NRS","325","121.5",15.5,6,2.7408400239252,1.79175946922805,0.00822799111121891,0.0235877422757933
"4741","4741","Accra Zoo",2013-06-05 00:00:00,"2017-09-03","E. helvum","A","M","NRS","230","122.5",16.5,7.25,2.80336038090653,1.98100146886658,0.0593972809761699,-0.0195404297553164
"3428","3428","Accra Zoo",2013-06-05 00:00:00,"2017-08-03","E. helvum","A","M","NRS","260","118",12.75,9,2.54553127160443,2.19722457733622,-0.0324541468430504,0.0958240466873362
"416","416","Accra Zoo",2013-06-05 00:00:00,"2017-08-03","E. helvum","JUV","M","NRS","75","87.8",23.25,8,3.14630513203337,2.07944154167984,0.0926849714958366,0.0748402159012838
"6544","6544","Accra Zoo",2013-06-05 00:00:00,"2017-09-03","E. helvum","A","M","NRS","210","119.4",20,8.5,2.99573227355399,2.14006616349627,0.0898179356670918,0.0120340338054605
"8793","8793","Accra Zoo",2013-06-05 00:00:00,"2017-09-03","E. helvum","A","M","NRS","235","125",17.75,8.5,2.87638551592142,2.14006616349627,0.0709450824011786,0.0120340338054605
"4968","4968","Accra Zoo",2013-06-05 00:00:00,"2017-09-03","E. helvum","JUV","M","NRS","125","104",29.5,6.75,3.38439026334577,1.90954250488444,0.151278216260116,-0.033725088768417
"4099","4099","Accra Zoo",2013-06-05 00:00:00,"2017-08-03","E. helvum","A","F","P","300","121.7",13.25,5.75,2.58399755243223,1.74919985480926,-0.0244417535189972,0.01600546404441
"1777","1777","Accra Zoo",2013-06-05 00:00:00,"2017-08-03","E. helvum","A","M","NRS","250","123.6",118.5,9.75,4.77491296057519,2.27726728500976,0.431918352319072,0.110084187157641
"7817","7817","Accra Zoo",2013-06-05 00:00:00,"2017-09-03","E. helvum","SA","M","NRS","220","107",17,7.25,2.83321334405622,1.98100146886658,0.0641180677344598,-0.0195404297553164
"9089","9089","Accra Zoo",2013-06-05 00:00:00,"2017-09-03","E. helvum","A","M","NRS","245",NA,720.25,7,6.57959837396464,1.94591014905531,0.656551212543936,-0.0265060835810128
"4146","4146","Accra Zoo",2013-06-05 00:00:00,"2017-08-03","E. helvum","A","F","P","245","114.7",13.75,2.75,2.62103882411258,1.01160091167848,-0.0167261846743064,-0.115402690995687
"1984","1984","Accra Zoo",2013-06-05 00:00:00,"2017-08-03","E. helvum","A","M","NRS","200","119.5",22.75,7.5,3.12456514539696,2.01490302054226,0.0881566074314668,0.0633422493292238
"3603","3603","Accra Zoo",2013-06-05 00:00:00,"2017-08-03","E. helvum","SA","M","NRS","200","118",14,7.75,2.63905732961526,2.04769284336526,-0.0129729922654694,0.0691839742413715
"9238","9238","Accra Zoo",2013-06-05 00:00:00,"2017-09-03","E. helvum","A","M","NRS","235","122",11.25,7.25,2.42036812865043,1.98100146886658,-0.00116705040738128,-0.0195404297553164
"2183","2183","Accra Zoo",2013-06-05 00:00:00,"2017-08-03","E. helvum","SA","F","NRS","175","108.4",13.5,9.5,2.60268968544438,2.2512917986065,-0.0205482468285697,0.105456481578192
"7554","7554","Accra Zoo",2013-06-05 00:00:00,"2017-09-03","E. helvum","SA","M","NRS","207","123.8",17.75,9.25,2.87638551592142,2.22462355152433,0.0709450824011786,0.0288187400113356
"778","778","Accra Zoo",2013-06-05 00:00:00,"2017-08-03","E. helvum","A","F","NRS","265","117.4",20,6.75,2.99573227355399,1.90954250488444,0.0613211655832057,0.0445715730618456
"3261","3261","Accra Zoo",2013-06-05 00:00:00,"2017-08-03","E. helvum","A","F","P","315","120.8",15.5,8,2.7408400239252,2.07944154167984,0.00822799111121891,0.0748402159012838
"832","832","Accra Zoo",2013-06-05 00:00:00,"2017-08-03","E. helvum","A","M","NRS","255","122.5",24,6.5,3.17805383034795,1.87180217690159,0.0992981156040994,0.037847882746098
"418","418","Accra Zoo",2013-06-05 00:00:00,"2017-08-03","E. helvum","SA","M","NRS","290","114",14.75,10.75,2.69124308278583,2.37490575457367,-0.00210288027865057,0.127479129579702
"3660","3660","Accra Zoo",2013-06-05 00:00:00,"2017-08-03","E. helvum","A","F","NRS","250","118.1",29.25,7,3.37587957367787,1.94591014905531,0.140504534084701,0.0510507106313283
"5068","5068","Accra Zoo",2013-06-05 00:00:00,"2017-09-03","E. helvum","SA","M","NRS","170","108.4",15.25,7.75,2.72457950305342,2.04769284336526,0.0469392973880514,-0.00630214090166001
NA,NA,"Accra Zoo",2013-06-05 00:00:00,"2017-09-03","E. helvum","SA","F","NRS","160","107.3",20,9.25,2.99573227355399,2.22462355152433,0.0898179356670918,0.0288187400113356
NA,NA,"Accra Zoo",2013-06-05 00:00:00,"2017-09-03","E. helvum","JUV","F","NRS","90","92.8",42.5,6.75,3.74950407593037,1.90954250488444,0.209015347514924,-0.033725088768417
"721","721","Accra Zoo",2013-06-05 00:00:00,"2017-08-03","E. helvum","A","F","NRS","270","122.2",35.5,5,3.56953269648137,1.6094379124341,0.180841810133797,-0.00889405508231899
"457","457","Accra Zoo",2013-06-05 00:00:00,"2017-08-03","E. helvum","SA","M","NRS","160","113",11.5,8.25,2.4423470353692,2.11021320034659,-0.0539470665578483,0.0803223914528895
"1383","1383","Accra Zoo",2013-06-05 00:00:00,"2017-08-03","E. helvum","A","F","NRS","250","123.8",44.75,9,3.80109144472086,2.19722457733622,0.229074696926938,0.0958240466873362
"9113","9113","Accra Zoo",2013-06-05 00:00:00,"2017-09-03","E. helvum","SA","M","NRS","150","110",18.75,8.25,2.93119375241642,2.11021320034659,0.0796121616386229,0.00610819778417844
"5873","5873","Accra Zoo",2013-06-05 00:00:00,"2017-09-03","E. helvum","A","F","NRS","305","123.6",10.25,7.25,2.32727770558442,1.98100146886658,-0.0158878683821398,-0.0195404297553164
NA,NA,"Accra Zoo",2013-06-05 00:00:00,"2017-09-03","E. helvum","JUV","M","NRS",NA,NA,93.5,10.25,4.53796143629464,2.32727770558442,0.333697746632935,0.0491956681177159
"1311","1311","Accra Zoo",2013-06-05 00:00:00,"2017-08-03","E. helvum","SA","M","NRS","180","110.5",13.25,11,2.58399755243223,2.39789527279837,-0.0244417535189972,0.13157486507838
"3904","3904","Accra Zoo",2013-06-05 00:00:00,"2017-08-03","E. helvum","A","F","NRS","270","117.6",21,9.5,3.04452243772342,2.2512917986065,0.0714839881191482,0.105456481578192
"890","890","Accra Zoo",2013-06-05 00:00:00,"2017-08-03","E. helvum","A","F","NRS","290","125.4",43.5,9.5,3.77276093809464,2.2512917986065,0.223173550331164,0.105456481578192
"3800","3800","Accra Zoo",2013-06-05 00:00:00,"2017-08-03","E. helvum","A","F","NRS","305","125.3",16,6.75,2.77258872223978,1.90954250488444,0.0148411352194817,0.0445715730618456
"7502","7502","Accra Zoo",2013-06-05 00:00:00,"2017-09-03","E. helvum","SA","F","NRS","170","116.4",18.25,6.25,2.9041650800285,1.83258146374831,0.0753379930054028,-0.0490019143054058
"3240","3240","Accra Zoo",2013-06-05 00:00:00,"2017-08-03","E. helvum","A","F","NRS","310","125.9",15.75,9,2.75684036527164,2.19722457733622,0.0115608069028137,0.0958240466873362
"3282","3282","Accra Zoo",2013-06-05 00:00:00,"2017-08-03","E. helvum","A","F","NRS","215","118",14.25,12.5,2.65675690671466,2.52572864430826,-0.0092862315405457,0.154349230008145
"4438","4438","Accra Zoo",2013-06-05 00:00:00,"2017-09-03","E. helvum","A","F","NRS","250","122",19,4,2.94443897916644,1.38629436111989,0.0817066904376079,-0.137590245565156
"7745","7745","Accra Zoo",2013-06-05 00:00:00,"2017-09-03","E. helvum","A","M","NRS","245","127.6",43,10.25,3.76120011569356,2.32727770558442,0.210864896230127,0.0491956681177159
"8509","8509","Accra Zoo",2013-06-05 00:00:00,"2017-09-03","E. helvum","A","F","NRS","275","112.9",13.75,3.5,2.62103882411258,1.25276296849537,0.0305659322504778,-0.164096329146169
"7739","7739","Accra Zoo",2013-06-05 00:00:00,"2017-09-03","E. helvum","A","F","NRS","255","113.5",68,6,4.21950770517611,1.79175946922805,0.283339189277852,-0.0571051114445243
"2857","2857","Accra Zoo",2013-06-05 00:00:00,"2017-08-03","E. helvum","A","F","L","290","114",21.5,4.25,3.06805293513362,1.44691898293633,0.0763853093881608,-0.037847882746098
NA,NA,"Accra Zoo",2013-06-05 00:00:00,"2017-09-03","E. helvum","A","F","NRS","305","119.4",15.5,8,2.7408400239252,2.07944154167984,0.0495106485544169,0
"9231","9231","Accra Zoo",2013-06-05 00:00:00,"2017-09-03","E. helvum","A","F","P","245","116",12.75,6,2.54553127160443,1.79175946922805,0.0186255746972231,-0.0571051114445243
"949","949","Accra Zoo",2013-06-05 00:00:00,"2017-08-03","E. helvum","A","F","NRS","265","121.4",21.25,8.5,3.05635689537043,2.14006616349627,0.0739490647370082,0.0856408952909353
"9846","9846","Accra Zoo",2013-06-05 00:00:00,"2017-09-03","E. helvum","A","F","NRS","285","124",28,8,3.3322045101752,2.07944154167984,0.143025842406847,0
"8615","8615","Accra Zoo",2013-06-05 00:00:00,"2017-09-03","E. helvum","SA","M","NRS","185","111",13,8,2.56494935746154,2.07944154167984,0.0216962461788419,0
"691","691","Accra Zoo",2013-06-05 00:00:00,"2017-08-03","E. helvum","A","M","NRS","265","120",14,8.5,2.63905732961526,2.14006616349627,-0.0129729922654694,0.0856408952909353
"4829","4829","Accra Zoo",2013-06-05 00:00:00,"2017-09-03","E. helvum","A","F","NRS","265","121",15.25,10,2.72457950305342,2.30258509299405,0.0469392973880514,0.044294165629875
"1879","1879","Accra Zoo",2013-06-05 00:00:00,"2017-08-03","E. helvum","SA","F","NRS","125","107.2",20,13,2.99573227355399,2.56494935746154,0.0613211655832057,0.161336660783131
"6353","6353","Accra Zoo",2013-06-05 00:00:00,"2017-09-03","E. helvum","A","F","NRS","305","124.2",29,4.5,3.36729582998647,1.50407739677627,0.148574994665715,-0.114210222889049
"6698","6698","Accra Zoo",2013-06-05 00:00:00,"2017-09-03","E. helvum","A","F","P","265","119.4",22,6,3.09104245335832,1.79175946922805,0.104889774013407,-0.0571051114445243
"9675","9675","Accra Zoo",2013-06-05 00:00:00,"2017-09-03","E. helvum","A","F","NRS","285","117.2",33,9,3.49650756146648,2.19722457733622,0.169007841747866,0.0233800226761073
"6826","6826","Accra Zoo",2013-06-05 00:00:00,"2017-09-03","E. helvum","A","F","NRS","235","119.6",14,9,2.63905732961526,2.19722457733622,0.033415281635151,0.0233800226761073
"1760","1760","Accra Zoo",2013-06-05 00:00:00,"2017-08-03","E. helvum","A","M","NRS","240","119.5",16,8,2.77258872223978,2.07944154167984,0.0148411352194817,0.0748402159012838
"3250","3250","Accra Zoo",2013-06-05 00:00:00,"2017-08-03","E. helvum","A","F","P","265","127",87.5,9.25,4.47163879336357,2.22462355152433,0.368747391663883,0.100705356078547
"5678","5678","Accra Zoo",2013-06-05 00:00:00,"2017-09-03","E. helvum","A","M","NRS","265","117.8",16,10,2.77258872223978,2.30258509299405,0.0545312166583242,0.044294165629875
"3072","3072","Accra Zoo",2013-06-05 00:00:00,"2017-08-03","E. helvum","A","M","NRS","265","110.8",19,8.75,2.94443897916644,2.16905370036952,0.0506369496757888,0.0908052176847589
"4830","4830","Accra Zoo",2013-06-05 00:00:00,"2017-09-03","E. helvum","A","F","NRS","297","120.6",29,5,3.36729582998647,1.6094379124341,0.148574994665715,-0.0932960799352808
"6479","6479","Accra Zoo",2013-06-05 00:00:00,"2017-09-03","E. helvum","A","F","NRS","285","119.4",14,6.25,2.63905732961526,1.83258146374831,0.033415281635151,-0.0490019143054058
"8229","8229","Accra Zoo",2013-06-05 00:00:00,"2017-09-03","E. helvum","A","F","NRS","245","124.6",18,9,2.89037175789616,2.19722457733622,0.0731567913555473,0.0233800226761073
"2966","2966","Accra Zoo",2013-06-05 00:00:00,"2017-08-03","E. helvum","A","M","NRS","215","117",14.5,6.5,2.67414864942653,1.87180217690159,-0.0056635916544058,0.037847882746098
"1662","1662","Accra Zoo",2013-06-05 00:00:00,"2017-08-03","E. helvum","SA","F","NRS","196","116.6",12.5,9,2.52572864430826,2.19722457733622,-0.0365789656540223,0.0958240466873362
NA,NA,"Accra Zoo",2013-06-05 00:00:00,"2017-09-03","E. helvum","A","M","NRS","257","121.8",12,13,2.484906649788,2.56494935746154,0.00903872362108764,0.0963736728226214
"5368","5368","Accra Zoo",2013-06-05 00:00:00,"2017-09-03","E. helvum","SA","M","NRS","203","117",18,6.25,2.89037175789616,1.83258146374831,0.0731567913555473,-0.0490019143054058
"7828","7828","Accra Zoo",2013-06-05 00:00:00,"2017-09-03","E. helvum","A","M","NRS","208","108",14.75,5.75,2.69124308278583,1.74919985480926,0.0416676554884194,-0.065553227462698
"3913","3913","Accra Zoo",2013-06-05 00:00:00,"2017-08-03","E. helvum","A","F","NRS","185","111.9",28.25,12.25,3.34109345759245,2.50552593699074,0.133258706354688,0.150749983398406
"5961","5961","Accra Zoo",2013-06-05 00:00:00,"2017-09-03","E. helvum","A","F","NRS","285","120",16,5.5,2.77258872223978,1.70474809223843,0.0545312166583242,-0.074376936336453
"5524","5524","Accra Zoo",2013-06-05 00:00:00,"2017-09-03","E. helvum","SA","F","NRS","240","112",14,9.5,2.63905732961526,2.2512917986065,0.033415281635151,0.0341124074570614
"9186","9186","Accra Zoo",2013-06-05 00:00:00,"2017-09-03","E. helvum","A","M","NRS","215","121.3",18.5,8.75,2.91777073208428,2.16905370036952,0.0774895175204325,0.0177880820488622
"7128","7128","Accra Zoo",2013-06-05 00:00:00,"2017-09-03","E. helvum","A","F","NRS","215","118",18,7,2.89037175789616,1.94591014905531,0.0731567913555473,-0.0265060835810128
"1492","1492","Accra Zoo",2013-06-05 00:00:00,"2017-08-03","E. helvum","A","M","NRS","180","108",17,8.5,2.83321334405622,2.14006616349627,0.0274690343732842,0.0856408952909353
"6929","6929","Accra Zoo",2013-06-05 00:00:00,"2017-09-03","E. helvum","A","M","NRS","220","121.4",19.25,12.25,2.95751106073379,2.50552593699074,0.0837738389902333,0.0845780784031302
"5886","5886","Accra Zoo",2013-06-05 00:00:00,"2017-09-03","E. helvum","A","M","NRS","200","122.2",53.5,6,3.97968165390196,1.79175946922805,0.24541438960315,-0.0571051114445243
"1534","1534","Accra Zoo",2013-06-05 00:00:00,"2017-08-03","E. helvum","SA","M","NRS","165","113.2",12,7.25,2.484906649788,1.98100146886658,-0.0450820459968528,0.0573024625315523
"1191","1191","Accra Zoo",2013-06-05 00:00:00,"2017-08-03","E. helvum","SA","M","NRS","190","117.8",10.25,8.5,2.32727770558442,2.14006616349627,-0.0779156101739671,0.0856408952909353
"3179","3179","Accra Zoo",2013-06-05 00:00:00,"2017-09-03","E. helvum",NA,NA,NA,NA,NA,17.25,9.25,2.84781214347737,2.22462355152433,0.066426643223223,0.0288187400113356
"470082","82","Accra Zoo",2013-09-04 00:00:00,"2018-03-21","E. helvum","JUV","F",NA,"110","104",23.75,9.5,3.16758253048065,2.2512917986065,0.103648145849067,-0.0462763831689108
"450174","174","Accra Zoo",2013-09-04 00:00:00,"2018-03-21","E. helvum","A","M",NA,"190","117.4",25,4.75,3.2188758248682,1.55814461804655,0.113514721688314,-0.183580772670762
"450416","416","Accra Zoo",2013-09-04 00:00:00,"2018-03-21","E. helvum","JUV","M",NA,"120","105.8",15.5,10.75,2.7408400239252,2.37490575457367,0.0215616400975181,-0.0217898971324666
"470474","474","Accra Zoo",2013-09-04 00:00:00,"2018-03-21","E. helvum","A","F",NA,"90","96.4",18,7.5,2.89037175789616,2.01490302054226,0.0503249747831659,-0.0931022489698476
"460556","556","Accra Zoo",2013-09-04 00:00:00,"2018-03-21","E. helvum","JUV","M",NA,"100","99.6",15,9,2.70805020110221,2.19722457733622,0.0152543190821414,-0.0569864704588564
"930778","778","Accra Zoo",2013-09-04 00:00:00,"2018-03-21","E. helvum","A","F",NA,"180","117",19,6,2.94443897916644,1.79175946922805,0.0607251322589154,-0.137304389501851
"950832","832","Accra Zoo",2013-09-04 00:00:00,"2018-03-21","E. helvum","A","M",NA,"330","123",33.25,6.5,3.50405476710186,1.87180217690159,0.16837061844638,-0.121448860662634
"930890","890","Accra Zoo",2013-09-04 00:00:00,"2018-03-21","E. helvum","A","F",NA,"220","125.3",27,15,3.29583686600433,2.70805020110221,0.128318644074342,0.0442021405320032
"940949","949","Accra Zoo",2013-09-04 00:00:00,"2018-03-21","E. helvum","A","F",NA,"140","123.6",17.75,8,2.87638551592142,2.07944154167984,0.047634636430024,-0.0803179190429943
"480982","982","Accra Zoo",2013-09-04 00:00:00,"2018-03-21","E. helvum","A","M",NA,"110","116.2",17.75,7.5,2.87638551592142,2.01490302054226,0.047634636430024,-0.0931022489698476
"591037","1037","Accra Zoo",2013-09-04 00:00:00,"2018-03-21","E. helvum","A","F",NA,"210","125.7",20.75,6,3.03254624667671,1.79175946922805,0.0776730987964253,-0.137304389501851
"951383","1383","Accra Zoo",2013-09-04 00:00:00,"2018-03-21","E. helvum","A","F",NA,"210","126.4",40.25,13,3.69511000386457,2.56494935746154,0.205121250385943,0.0158555288392168
"491475","1475","Accra Zoo",2013-09-04 00:00:00,"2018-03-21","E. helvum","A","F",NA,"170","117",20.75,6.5,3.03254624667671,1.87180217690159,0.0776730987964253,-0.121448860662634
"591492","1492","Accra Zoo",2013-09-04 00:00:00,"2018-03-21","E. helvum","A","M",NA,"190","111.8",20,6.25,2.99573227355399,1.83258146374831,0.0705917080981622,-0.129218027480839
"951534","1534","Accra Zoo",2013-09-04 00:00:00,"2018-03-28","E. helvum","SA","M",NA,"160","112.5",12.75,12,2.54553127160443,2.484906649788,-0.0160071813215483,0
"461662","1662","Accra Zoo",2013-09-04 00:00:00,"2018-03-21","E. helvum","SA","F",NA,"230","119",17,11.25,2.83321334405622,2.42036812865043,0.0393302076944725,-0.0127843299268533
"461672","1672","Accra Zoo",2013-09-04 00:00:00,"2018-03-21","E. helvum","SA","M",NA,"100","99.5",18.75,8.5,2.93119375241642,2.14006616349627,0.0581773326722932,-0.0683088870210191
"681760","1760","Accra Zoo",2013-09-04 00:00:00,"2018-03-21","E. helvum","A","M",NA,"220","119.3",27.5,10,3.31418600467253,2.30258509299405,0.131848212030862,-0.0361157785109911
"481777","1777","Accra Zoo",2013-09-04 00:00:00,"2018-03-21","E. helvum","A","M",NA,"230","123.1",45.25,13.25,3.81220267014594,2.58399755243223,0.227644733930511,0.0196287545767155
"591879","1879","Accra Zoo",2013-09-04 00:00:00,"2018-03-21","E. helvum","SA","F",NA,"130","107.6",20.25,6.5,3.00815479355255,1.87180217690159,0.0729812550583214,-0.121448860662634
"461984","1984","Accra Zoo",2013-09-04 00:00:00,"2018-03-21","E. helvum","A","M",NA,"140","110.4",19,7.25,2.94443897916644,1.98100146886658,0.0607251322589154,-0.0998177518046634
"952183","2183","Accra Zoo",2013-09-04 00:00:00,"2018-03-21","E. helvum","SA","M",NA,"160","111.2",25,9.75,3.2188758248682,2.27726728500976,0.113514721688314,-0.0411309416196396
"482253","2253","Accra Zoo",2013-09-04 00:00:00,"2018-03-21","E. helvum","JUV","F",NA,"110","103.1",15.5,6,2.7408400239252,1.79175946922805,0.0215616400975181,-0.137304389501851
"952317","2317","Accra Zoo",2013-09-04 00:00:00,"2018-03-21","E. helvum","A","F",NA,"200","121.6",16.75,8,2.81839825827108,2.07944154167984,0.0364804362144111,-0.0803179190429943
"592453","2453","Accra Zoo",2013-09-04 00:00:00,"2018-03-21","E. helvum","A","F",NA,"270","119.3",27,6.5,3.29583686600433,1.87180217690159,0.128318644074342,-0.121448860662634
"602857","2857","Accra Zoo",2013-09-04 00:00:00,"2018-03-21","E. helvum",NA,NA,NA,"200","111.5",21.75,12.5,3.07961375753469,2.52572864430826,0.0867268195798109,0.00808636202101208
"682905","2905","Accra Zoo",2013-09-04 00:00:00,"2018-03-21","E. helvum","A","F",NA,"270","119.4",21.25,8.75,3.05635689537043,2.16905370036952,0.0822532212846243,-0.0625667933284082
"472926","2926","Accra Zoo",2013-09-04 00:00:00,"2018-03-21","E. helvum","JUV","M",NA,"70","95.9",28.5,13.75,3.3499040872746,2.62103882411258,0.138718801550092,0.0269661994038501
"932966","2966","Accra Zoo",2013-09-04 00:00:00,"2018-03-21","E. helvum","A","M",NA,"240","118.4",23,10,3.13549421592915,2.30258509299405,0.0974757641984781,-0.0361157785109911
"683072","3072","Accra Zoo",2013-09-04 00:00:00,"2018-03-28","E. helvum","A","M",NA,"240","120.8",28.75,4,3.35863776724336,1.38629436111989,0.14039877778863,-0.217622308544845
"923158","3158","Accra Zoo",2013-09-04 00:00:00,"2018-03-21","E. helvum","A","M",NA,"170","115.5",25.25,7.75,3.22882615572137,2.04769284336526,0.115428728093257,-0.0866069666822567
"483212","3212","Accra Zoo",2013-09-04 00:00:00,"2018-03-21","E. helvum","JUV","M",NA,"80","93.7",155,9.75,5.04342511691925,2.27726728500976,0.464477828609261,-0.0411309416196396
"603240","3240","Accra Zoo",2013-09-04 00:00:00,"2018-03-21","E. helvum","A","F",NA,"190","126.5",20.5,7,3.02042488614436,1.94591014905531,0.0753414816835993,-0.106768933860411
"933261","3261","Accra Zoo",2013-09-04 00:00:00,"2018-03-21","E. helvum","A","F",NA,"200","118",22.5,16.5,3.11351530921037,2.80336038090653,0.0932479883733176,0.0630819779148412
"3282","3282","Accra Zoo",2013-09-04 00:00:00,"2018-03-21","E. helvum","A","F",NA,"170","118.8",22.5,7,3.11351530921037,1.94591014905531,0.0932479883733176,-0.106768933860411
"463362","3362","Accra Zoo",2013-09-04 00:00:00,"2018-03-21","E. helvum","JUV","M",NA,"130","99.1",52,12.75,3.95124371858143,2.54553127160443,0.254390121715354,0.0120090320219751
"603428","3428","Accra Zoo",2013-09-04 00:00:00,"2018-03-21","E. helvum","A","M",NA,"220","119",16.5,10.75,2.80336038090653,2.37490575457367,0.033587809424689,-0.0217898971324666
"443442","3442","Accra Zoo",2013-09-04 00:00:00,"2018-03-21","E. helvum","JUV","F",NA,"90","96",24.25,7,3.18841661738349,1.94591014905531,0.107655708648899,-0.106768933860411
"483529","3529","Accra Zoo",2013-09-04 00:00:00,"2018-03-21","E. helvum","SA","M",NA,"190","117.4",17.75,8,2.87638551592142,2.07944154167984,0.047634636430024,-0.0803179190429943
"603603","3603","Accra Zoo",2013-09-04 00:00:00,"2018-03-21","E. helvum","SA","M",NA,"190","119.5",11.75,7,2.46385324059017,1.94591014905531,-0.0317184452796341,-0.106768933860411
"603647","3647","Accra Zoo",2013-09-04 00:00:00,"2018-03-21","E. helvum","A","M",NA,"200","114.3",63,15,4.14313472639153,2.70805020110221,0.291301519277828,0.0442021405320032
"923660","3660","Accra Zoo",2013-09-04 00:00:00,"2018-03-28","E. helvum","A","F",NA,"210","118.3",29.5,10,3.38439026334577,2.30258509299405,0.145352426386916,-0.0361157785109911
"593767","3767","Accra Zoo",2013-09-04 00:00:00,"2018-03-21","E. helvum","A","M",NA,"230","121.7",16.75,6,2.81839825827108,1.79175946922805,0.0364804362144111,-0.137304389501851
"593800","3800","Accra Zoo",2013-09-04 00:00:00,"2018-03-21","E. helvum","A","F",NA,"210","124.6",23.5,4,3.15700042115011,1.38629436111989,0.101612613027563,-0.217622308544845
"933940","3940","Accra Zoo",2013-09-04 00:00:00,"2018-03-21","E. helvum","A","F",NA,"160","119.4",25.75,2.75,3.24843462710975,1.01160091167848,0.119200536325798,-0.291844720131855
"463981","3981","Accra Zoo",2013-09-04 00:00:00,"2018-03-21","E. helvum",NA,NA,NA,"110","99.9",17.75,6.75,2.87638551592142,1.90954250488444,0.047634636430024,-0.113972940917713
"954194","4194","Accra Zoo",2013-09-04 00:00:00,"2018-03-21","E. helvum","A","M",NA,"200","117.1",53.25,13.25,3.97499780458953,2.58399755243223,0.258959364028397,0.0196287545767155
"474363","4363","Accra Zoo",2013-09-04 00:00:00,"2018-03-21","E. helvum",NA,NA,NA,"160","107.9",19.75,13.5,2.98315349134713,2.60268968544438,0.0681721031558156,0.0233314485841378
"684438","4438","Accra Zoo",2013-09-04 00:00:00,"2018-03-21","E. helvum","A","F",NA,"210","122.3",23.25,8.25,3.14630513203337,2.11021320034659,0.0995553093886944,-0.0742224115870096
"924509","4509","Accra Zoo",2013-09-04 00:00:00,"2018-03-28","E. helvum","A","M",NA,"220","128.1",22.5,12,3.11351530921037,2.484906649788,0.0932479883733176,0
"484617","4617","Accra Zoo",2013-09-04 00:00:00,"2018-03-21","E. helvum","JUV","F",NA,"140","107.2",26.5,11.5,3.27714473299218,2.4423470353692,0.124723099078378,-0.00843056430019134
"444640","4640","Accra Zoo",2013-09-04 00:00:00,"2018-03-21","E. helvum","JUV","F",NA,"70","91.1",19,8.75,2.94443897916644,2.16905370036952,0.0607251322589154,-0.0625667933284082
"924829","4829","Accra Zoo",2013-09-04 00:00:00,"2018-03-21","E. helvum","A","F",NA,"180","112",37,10.25,3.61091791264422,2.32727770558442,0.18892639172052,-0.0312244593337454
"934830","4830","Accra Zoo",2013-09-04 00:00:00,"2018-03-21","E. helvum","A","F",NA,"200","121",23.75,9,3.16758253048065,2.19722457733622,0.103648145849067,-0.0569864704588564
"554968","4968","Accra Zoo",2013-09-04 00:00:00,"2018-03-21","E. helvum","SA","M",NA,"160","111.3",22.25,9.5,3.10234200861225,2.2512917986065,0.0910987363308741,-0.0462763831689108
"555068","5068","Accra Zoo",2013-09-04 00:00:00,"2018-03-21","E. helvum","SA","M",NA,NA,"108.1",15,7,2.70805020110221,1.94591014905531,0.0152543190821414,-0.106768933860411
"925151","5151","Accra Zoo",2013-09-04 00:00:00,"2018-03-28","E. helvum","A","M",NA,"190","113.8",18.75,9.5,2.93119375241642,2.2512917986065,0.0581773326722932,-0.0462763831689108
"605349","5349","Accra Zoo",2013-09-04 00:00:00,"2018-03-21","E. helvum","A","F",NA,"220","112",17,8.25,2.83321334405622,2.11021320034659,0.0393302076944725,-0.0742224115870096
"485524","5524","Accra Zoo",2013-09-04 00:00:00,"2018-03-21","E. helvum","A","F",NA,"250","121.3",11.25,5.5,2.42036812865043,1.70474809223843,-0.0400830699338794,-0.154540330630004
"605574","5574","Accra Zoo",2013-09-04 00:00:00,"2018-03-21","E. helvum","A","F",NA,"200","118",21,11.75,3.04452243772342,2.46385324059017,0.0799767916794546,-0.00417043533886381
"595678","5678","Accra Zoo",2013-09-04 00:00:00,"2018-03-21","E. helvum","A","M",NA,"240","116.9",18.5,8,2.91777073208428,2.07944154167984,0.0555953334133225,-0.0803179190429943
"465863","5863","Accra Zoo",2013-09-04 00:00:00,"2018-03-21","E. helvum","SA","F",NA,"120","99.5",20.25,6.5,3.00815479355255,1.87180217690159,0.0729812550583214,-0.121448860662634
"925868","5868","Accra Zoo",2013-09-04 00:00:00,"2018-03-21","E. helvum","A","M",NA,"200","121.6",28.5,9.25,3.3499040872746,2.22462355152433,0.138718801550092,-0.0515590525462034
"485870","5870","Accra Zoo",2013-09-04 00:00:00,"2018-03-21","E. helvum","SA","F",NA,"150","107.8",32.25,11.25,3.47351804324178,2.42036812865043,0.162496694662675,-0.0127843299268533
"935873","5873","Accra Zoo",2013-09-04 00:00:00,"2018-03-21","E. helvum","A","F",NA,"200","119.4",22.5,11.25,3.11351530921037,2.42036812865043,0.0932479883733176,-0.0127843299268533
"935886","5886","Accra Zoo",2013-09-04 00:00:00,"2018-03-21","E. helvum","A","M",NA,"210","120.5",37.75,7.5,3.63098547569503,2.01490302054226,0.192786509014872,-0.0931022489698476
"555977","5977","Accra Zoo",2013-09-04 00:00:00,"2018-03-21","E. helvum","JUV","M",NA,"90","100.6",20.75,7,3.03254624667671,1.94591014905531,0.0776730987964253,-0.106768933860411
"486116","6116","Accra Zoo",2013-09-04 00:00:00,"2018-03-21","E. helvum","JUV","F",NA,"80","95.8",27,5.25,3.29583686600433,1.65822807660353,0.128318644074342,-0.163755404319268
"466261","6261","Accra Zoo",2013-09-04 00:00:00,"2018-03-21","E. helvum",NA,NA,NA,"90","96.4",20.25,8.25,3.00815479355255,2.11021320034659,0.0729812550583214,-0.0742224115870096
"556349","6349","Accra Zoo",2013-09-04 00:00:00,"2018-03-21","E. helvum","JUV","M",NA,"120","104.4",21.5,11.75,3.06805293513362,2.46385324059017,0.0845030253714989,-0.00417043533886381
"606353","6353","Accra Zoo",2013-09-04 00:00:00,"2018-03-21","E. helvum","A","F",NA,"190","124.1",20.5,8,3.02042488614436,2.07944154167984,0.0753414816835993,-0.0803179190429943
"476475","6475","Accra Zoo",2013-09-04 00:00:00,"2018-03-21","E. helvum","JUV","M",NA,"100","98.1",23.75,9.25,3.16758253048065,2.22462355152433,0.103648145849067,-0.0515590525462034
"926479","6479","Accra Zoo",2013-09-04 00:00:00,"2018-03-21","E. helvum","A","M",NA,"200","119.7",14,8,2.63905732961526,2.07944154167984,0.00198312238827825,-0.0803179190429943
"596510","6510","Accra Zoo",2013-09-04 00:00:00,"2018-03-21","E. helvum","A","M",NA,"230","121.8",14.25,10.25,2.65675690671466,2.32727770558442,0.00538774324289468,-0.0312244593337454
"596544","6544","Accra Zoo",2013-09-04 00:00:00,"2018-03-21","E. helvum","A","M",NA,"210","111.7",28,10,3.3322045101752,2.30258509299405,0.135314180695475,-0.0361157785109911
"556636","6636","Accra Zoo",2013-09-04 00:00:00,"2018-03-21","E. helvum","JUV","M",NA,"80","93.7",28.5,10,3.3499040872746,2.30258509299405,0.138718801550092,-0.0361157785109911
"556695","6695","Accra Zoo",2013-09-04 00:00:00,"2018-03-21","E. helvum","JUV","M",NA,"80","97.4",24.5,10.5,3.19867311755068,2.35137525716348,0.109628608575743,-0.0264510148174171
"686826","6826","Accra Zoo",2013-09-04 00:00:00,"2018-03-21","E. helvum","A","F",NA,"200","121.6",22,9.75,3.09104245335832,2.27726728500976,0.0889251984407099,-0.0411309416196396
"486826","6826","Accra Zoo",2013-09-04 00:00:00,"2018-03-21","E. helvum","A","M",NA,"170","121.4",15.25,17.5,2.72457950305342,2.86220088092947,0.0184338304240959,0.0747375961734425
"486907","6907","Accra Zoo",2013-09-04 00:00:00,"2018-03-21","E. helvum","JUV","F",NA,"130","105.3",29.75,6,3.39282913199164,1.79175946922805,0.146975693881938,-0.137304389501851
"926929","6929","Accra Zoo",2013-09-04 00:00:00,"2018-03-21","E. helvum","A","M",NA,"210","119.3",17.25,10.25,2.84781214347737,2.32727770558442,0.0421383751824574,-0.0312244593337454
"487114","7114","Accra Zoo",2013-09-04 00:00:00,"2018-03-21","E. helvum","JUV","M",NA,"120","100.7",23,8.75,3.13549421592915,2.16905370036952,0.0974757641984781,-0.0625667933284082
"467369","7369","Accra Zoo",2013-09-04 00:00:00,"2018-03-21","E. helvum","JUV","F",NA,"90","92.7",43.75,12.5,3.77849161280362,2.52572864430826,0.221160207875779,0.00808636202101208
"487502","7502","Accra Zoo",2013-09-04 00:00:00,"2018-03-21","E. helvum","SA","F",NA,"160","117.9",17.25,6,2.84781214347737,1.79175946922805,0.0421383751824574,-0.137304389501851
"607531","7531","Accra Zoo",2013-09-04 00:00:00,"2018-03-21","E. helvum","SA","M",NA,"190","118.6",18.5,7.25,2.91777073208428,1.98100146886658,0.0555953334133225,-0.0998177518046634
"487554","7554","Accra Zoo",2013-09-04 00:00:00,"2018-03-21","E. helvum","A","M",NA,"220","123.5",18.75,12,2.93119375241642,2.484906649788,0.0581773326722932,0
"607615","7615","Accra Zoo",2013-09-04 00:00:00,"2018-03-21","E. helvum","A","M",NA,"180","107.6",18,7,2.89037175789616,1.94591014905531,0.0503249747831659,-0.106768933860411
"947739","7739","Accra Zoo",2013-09-04 00:00:00,"2018-03-21","E. helvum","SA","M",NA,"190","111.7",234.25,12,5.45638892111853,2.484906649788,0.543913917510289,0
"687817","7817","Accra Zoo",2013-09-04 00:00:00,"2018-03-21","E. helvum",NA,NA,NA,"230","121",19.75,8,2.98315349134713,2.07944154167984,0.0681721031558156,-0.0803179190429943
"688009","8009","Accra Zoo",2013-09-04 00:00:00,"2018-03-21","E. helvum","A","M",NA,"230","120.6",18.5,9.5,2.91777073208428,2.2512917986065,0.0555953334133225,-0.0462763831689108
"598029","8029","Accra Zoo",2013-09-04 00:00:00,"2018-03-21","E. helvum","A","M",NA,"210","120.9",17.5,11.5,2.86220088092947,2.4423470353692,0.0449061359784301,-0.00843056430019134
"488072","8072","Accra Zoo",2013-09-04 00:00:00,"2018-03-21","E. helvum","SA","M",NA,"100","98.6",25,13,3.2188758248682,2.56494935746154,0.113514721688314,0.0158555288392168
"588106","8106","Accra Zoo",2013-09-04 00:00:00,"2018-03-21","E. helvum","A","M",NA,"210","118.8",22.5,11,3.11351530921037,2.39789527279837,0.0932479883733176,-0.017235941128153
"688229","8229","Accra Zoo",2013-09-04 00:00:00,"2018-03-21","E. helvum","A","F",NA,"210","119.3",18,11.25,2.89037175789616,2.42036812865043,0.0503249747831659,-0.0127843299268533
"678509","8509","Accra Zoo",2013-09-04 00:00:00,"2018-03-21","E. helvum","SA","F",NA,"180","112.2",18.25,8.75,2.9041650800285,2.16905370036952,0.05297820383618,-0.0625667933284082
"598615","8615","Accra Zoo",2013-09-04 00:00:00,"2018-03-21","E. helvum","SA","M",NA,"180","111.8",18.25,2.25,2.9041650800285,0.810930216216329,0.05297820383618,-0.331595249462558
"600691","691","Accra Zoo",2013-09-04 00:00:00,"2018-03-21","E. helvum","A","M",NA,"250","119.8",31,9.75,3.43398720448515,2.27726728500976,0.154892698404715,-0.0411309416196396
"498793","8793","Accra Zoo",2013-09-04 00:00:00,"2018-03-21","E. helvum","A","M",NA,"220","125.4",21.5,11.25,3.06805293513362,2.42036812865043,0.0845030253714989,-0.0127843299268533
"599089","9089","Accra Zoo",2013-09-04 00:00:00,"2018-03-21","E. helvum","A","M",NA,"240","114.9",471.5,9,6.15591910207351,2.19722457733622,0.678472784602855,-0.0569864704588564
"599186","9186","Accra Zoo",2013-09-04 00:00:00,"2018-03-28","E. helvum","A","M",NA,"220","119.9",14.5,7.5,2.67414864942653,2.01490302054226,0.00873315028863462,-0.0931022489698476
"589231","9231","Accra Zoo",2013-09-04 00:00:00,"2018-03-21","E. helvum","A","F",NA,"180","116.4",12.5,7.5,2.52572864430826,2.01490302054226,-0.0198163366188831,-0.0931022489698476
"949238","9238","Accra Zoo",2013-09-04 00:00:00,"2018-03-21","E. helvum","A","M",NA,"230","119.6",22.25,8.75,3.10234200861225,2.16905370036952,0.0910987363308741,-0.0625667933284082
"679675","9675","Accra Zoo",2013-09-04 00:00:00,"2018-03-21","E. helvum","A","F",NA,"200","120",32.75,5.25,3.48890296208126,1.65822807660353,0.165456076981999,-0.163755404319268
"9846","9846","Accra Zoo",2013-09-04 00:00:00,"2018-03-21","E. helvum",NA,"F",NA,"180","123.9",31.5,12.5,3.44998754583159,2.52572864430826,0.157970460970631,0.00808636202101208
"459901","9901","Accra Zoo",2013-09-04 00:00:00,"2018-03-21","E. helvum","JUV","M",NA,"110","93",40,15,3.68887945411394,2.70805020110221,0.203922766405359,0.0442021405320032
"1369","1369","Accra Zoo",2013-09-04 00:00:00,"2018-03-21","E. helvum",NA,NA,NA,NA,NA,24.75,6.75,3.2088254890147,1.90954250488444,0.111581478715865,-0.113972940917713
"0082",NA,"Accra Zoo",2014-01-21 00:00:00,"2015-10-28","E. helvum","SA","F",NA,"165","115.2",10.25,7.5,2.32727770558442,2.01490302054226,0.0630636210979683,0.0152388873920524
"0184",NA,"Accra Zoo",2014-01-21 00:00:00,"2015-10-28","E. helvum","A","M",NA,"245","122.5",10,7.5,2.30258509299405,2.01490302054226,0.0594955458560421,0.0152388873920524
"0416",NA,"Accra Zoo",2014-01-21 00:00:00,"2015-10-28","E. helvum","JUV","M",NA,"285",NA,9.25,5.5,2.22462355152433,1.70474809223843,0.0482301260904176,-0.0390806302392524
"0474",NA,"Accra Zoo",2014-01-21 00:00:00,"2015-10-28","E. helvum","SA","F",NA,"195","113.2",5,7.75,1.6094379124341,2.04769284336526,-0.0406640174512145,0.0209815894948414
"0556",NA,"Accra Zoo",2014-01-21 00:00:00,"2015-10-28","E. helvum","SA","M",NA,"175","112.1",8.5,9.25,2.14006616349627,2.22462355152433,0.0360116084410327,0.0519686538433763
"0691",NA,"Accra Zoo",2014-01-21 00:00:00,"2015-10-28","E. helvum","A","M",NA,"260","121",17,10.5,2.83321334405622,2.35137525716348,0.136171171748289,0.0741675321488615
"0778",NA,"Accra Zoo",2014-01-21 00:00:00,"2015-10-28","E. helvum","A","F","P","225","108.8",12,9.5,2.484906649788,2.2512917986065,0.0858409570791386,0.0566392432339674
"0832",NA,"Accra Zoo",2014-01-21 00:00:00,"2015-10-28","E. helvum","A","M",NA,"235","121.6",12.5,6.5,2.52572864430826,1.87180217690159,0.0917397232562974,-0.00982332535982512
"0890",NA,"Accra Zoo",2014-01-21 00:00:00,"2015-10-28","E. helvum","A","F",NA,"230","123.7",17.5,10,2.86220088092947,2.30258509299405,0.140359862283296,0.065622582702695
"0949",NA,"Accra Zoo",2014-01-21 00:00:00,"2015-10-28","E. helvum","SA","F",NA,"185","123",11.5,10.5,2.4423470353692,2.35137525716348,0.0796911053387503,0.0741675321488615
"0982",NA,"Accra Zoo",2014-01-21 00:00:00,"2015-10-28","E. helvum","A","F","P","225","118.4",41.25,8.5,3.71965111278069,2.14006616349627,0.264261168078908,0.0371595500352695
"1037",NA,"Accra Zoo",2014-01-21 00:00:00,"2015-10-28","E. helvum","A","F",NA,"240",NA,7.5,11,2.01490302054226,2.39789527279837,0.0179255711721373,0.0823148952209474
"1369",NA,"Accra Zoo",2014-01-21 00:00:00,"2015-10-28","E. helvum","A","F","P","285","121",7.75,7.75,2.04769284336526,2.04769284336526,0.0226636909062751,0.0209815894948414
"1383",NA,"Accra Zoo",2014-01-21 00:00:00,"2015-10-28","E. helvum","A","F","P","265","125.5",17.75,8,2.87638551592142,2.07944154167984,0.142409537859152,0.0265419524634425
"1385",NA,"Accra Zoo",2014-01-21 00:00:00,"2015-10-28","E. helvum","SA","F",NA,"260","110.8",8.25,6.5,2.11021320034659,1.87180217690159,0.0316978640641397,-0.00982332535982512
"1475",NA,"Accra Zoo",2014-01-21 00:00:00,"2015-10-28","E. helvum","A","F","P","220","119.3",12,11.75,2.484906649788,2.46385324059017,0.0858409570791386,0.0938665575272181
"1525",NA,"Accra Zoo",2014-01-21 00:00:00,"2015-10-28","E. helvum","SA","F",NA,"150","112",9.25,10.5,2.22462355152433,2.35137525716348,0.0482301260904176,0.0741675321488615
"1534",NA,"Accra Zoo",2014-01-21 00:00:00,"2015-10-28","E. helvum","SA","M",NA,"185","112.9",9.75,7.75,2.27726728500976,2.04769284336526,0.0558371300639517,0.0209815894948414
"1625",NA,"Accra Zoo",2014-01-21 00:00:00,"2015-10-28","E. helvum","SA","M",NA,"165","106.4",7.25,11.5,1.98100146886658,2.4423470353692,0.0130268069464333,0.0901000312299536
"1662",NA,"Accra Zoo",2014-01-21 00:00:00,"2015-10-28","E. helvum","A","F",NA,"220","120",7.5,6.25,2.01490302054226,1.83258146374831,0.0179255711721373,-0.0166923125182524
"1760",NA,"Accra Zoo",2014-01-21 00:00:00,"2015-10-28","E. helvum","A","M",NA,"215","118.5",11,7,2.39789527279837,1.94591014905531,0.0732678387480446,0.00315570199930426
"1777",NA,"Accra Zoo",2014-01-21 00:00:00,"2015-10-28","E. helvum","A","M",NA,"210","123.5",87,5.5,4.46590811865458,1.70474809223843,0.372095085491555,-0.0390806302392524
"1966",NA,"Accra Zoo",2014-01-21 00:00:00,"2015-10-28","E. helvum","JUV","M",NA,"125","107",7.5,7.5,2.01490302054226,2.01490302054226,0.0179255711721373,0.0152388873920524
"2317",NA,"Accra Zoo",2014-01-21 00:00:00,"2015-10-28","E. helvum","A","F","P","255","121",7,4.75,1.94591014905531,1.55814461804655,0.00795612157578404,-0.0647562822262324
"2453",NA,"Accra Zoo",2014-01-21 00:00:00,"2015-10-28","E. helvum","A","F",NA,"215","121.6",10.5,9.25,2.35137525716348,2.22462355152433,0.0665457101991358,0.0519686538433763
"2857",NA,"Accra Zoo",2014-01-21 00:00:00,"2015-10-28","E. helvum","A","F","P","225","113",8.75,7.5,2.16905370036952,2.01490302054226,0.0402002989760393,0.0152388873920524
"2857",NA,"Accra Zoo",2014-01-21 00:00:00,"2015-10-28","E. helvum",NA,NA,NA,NA,NA,28.75,6,3.35863776724336,1.79175946922805,0.212094846046262,-0.0238417428472
"2870",NA,"Accra Zoo",2014-01-21 00:00:00,"2015-10-28","E. helvum","SA","M",NA,"160","112.5",8,6.5,2.07944154167984,1.87180217690159,0.0272513684557868,-0.00982332535982512
"2905",NA,"Accra Zoo",2014-01-21 00:00:00,"2015-10-28","E. helvum","A","F","P","295","113.7",37.75,11.25,3.63098547569503,2.42036812865043,0.25144900965148,0.0862507175416097
"2966",NA,"Accra Zoo",2014-01-21 00:00:00,"2015-10-28","E. helvum","SA","M",NA,"225","118.6",9.25,7,2.22462355152433,1.94591014905531,0.0482301260904176,0.00315570199930426
"3072",NA,"Accra Zoo",2014-01-21 00:00:00,"2015-10-28","E. helvum","A","M",NA,"235","120",14,8,2.63905732961526,2.07944154167984,0.108115684883041,0.0265419524634425
"3240",NA,"Accra Zoo",2014-01-21 00:00:00,"2015-10-28","E. helvum","A","F",NA,"235","127.2",10,4.5,2.30258509299405,1.50407739677627,0.0594955458560421,-0.0742254381578425
"3250",NA,"Accra Zoo",2014-01-21 00:00:00,"2015-10-28","E. helvum","A","F",NA,"245","126",26.25,6.5,3.26766598903763,1.87180217690159,0.198949450906648,-0.00982332535982512
"3362",NA,"Accra Zoo",2014-01-21 00:00:00,"2015-10-28","E. helvum","SA","M",NA,"215","110.8",6.75,7.75,1.90954250488444,2.04769284336526,0.00270100771132898,0.0209815894948414
"3529",NA,"Accra Zoo",2014-01-21 00:00:00,"2015-10-28","E. helvum","SA","M",NA,"210","117.4",8.75,7.25,2.16905370036952,1.98100146886658,0.0402002989760393,0.00930148074161949
"3647",NA,"Accra Zoo",2014-01-21 00:00:00,"2015-10-28","E. helvum","A","M",NA,"215","113.8",17.25,5.75,2.84781214347737,1.74919985480926,0.138280693962102,-0.0312954942302461
"3660",NA,"Accra Zoo",2014-01-21 00:00:00,"2015-10-28","E. helvum","A","F","P","245","120",11.75,6,2.46385324059017,1.79175946922805,0.0827987456548919,-0.0238417428472
"3767",NA,"Accra Zoo",2014-01-21 00:00:00,"2015-10-28","E. helvum","A","M",NA,"240","119.2",11,7.5,2.39789527279837,2.01490302054226,0.0732678387480446,0.0152388873920524
"3800",NA,"Accra Zoo",2014-01-21 00:00:00,"2015-10-28","E. helvum","A","F","P","215","125",12.25,11,2.50552593699074,2.39789527279837,0.0888204380030378,0.0823148952209474
"3940",NA,"Accra Zoo",2014-01-21 00:00:00,"2015-10-28","E. helvum","A","F",NA,"230","119.5",10.75,8.5,2.37490575457367,2.14006616349627,0.0699458601400238,0.0371595500352695
"3981",NA,"Accra Zoo",2014-01-21 00:00:00,"2015-10-28","E. helvum","SA","F",NA,"185","112.1",6.75,9,1.90954250488444,2.19722457733622,0.00270100771132898,0.0471700873023573
"4194",NA,"Accra Zoo",2014-01-21 00:00:00,"2015-10-28","E. helvum","A","F","P","245","117.4",112,10,4.71849887129509,2.30258509299405,0.40859437480481,0.065622582702695
"4197",NA,"Accra Zoo",2014-01-21 00:00:00,"2015-10-28","E. helvum","JUV","F",NA,"140",NA,8.5,10.25,2.14006616349627,2.32727770558442,0.0360116084410327,0.0699471659434026
"4389",NA,"Accra Zoo",2014-01-21 00:00:00,"2015-10-28","E. helvum","JUV","M",NA,"140","106.8",16,8,2.77258872223978,2.07944154167984,0.127410931763043,0.0265419524634425
"4438",NA,"Accra Zoo",2014-01-21 00:00:00,"2015-10-28","E. helvum","A","F",NA,"240","123.4",6.25,11,1.83258146374831,2.39789527279837,-0.00841984005095919,0.0823148952209474
"4509",NA,"Accra Zoo",2014-01-21 00:00:00,"2015-10-28","E. helvum","A","F","P","255","129.9",10.5,11,2.35137525716348,2.39789527279837,0.0665457101991358,0.0823148952209474
"4617",NA,"Accra Zoo",2014-01-21 00:00:00,"2015-10-28","E. helvum","A","F",NA,"200","113.9",11.25,6.5,2.42036812865043,1.87180217690159,0.076515159795489,-0.00982332535982512
"4640",NA,"Accra Zoo",2014-01-21 00:00:00,"2015-10-28","E. helvum","JUV","M",NA,"145","102.4",7.5,6,2.01490302054226,1.79175946922805,0.0179255711721373,-0.0238417428472
"4751",NA,"Accra Zoo",2014-01-21 00:00:00,"2015-10-28","E. helvum","SA","F",NA,"145","109.5",8.25,8,2.11021320034659,2.07944154167984,0.0316978640641397,0.0265419524634425
"4766",NA,"Accra Zoo",2014-01-21 00:00:00,"2015-10-28","E. helvum","A","M",NA,"210","120",7.75,8.5,2.04769284336526,2.14006616349627,0.0226636909062751,0.0371595500352695
"4829",NA,"Accra Zoo",2014-01-21 00:00:00,"2015-10-28","E. helvum","SA","F",NA,"200","120",6.25,7,1.83258146374831,1.94591014905531,-0.00841984005095919,0.00315570199930426
"4830",NA,"Accra Zoo",2014-01-21 00:00:00,"2015-10-28","E. helvum","A","F","P","225","121.2",12,12.5,2.484906649788,2.52572864430826,0.0858409570791386,0.104703212941947
"4968",NA,"Accra Zoo",2014-01-21 00:00:00,"2015-10-28","E. helvum","SA","M",NA,"210","123.4",8.5,7.5,2.14006616349627,2.01490302054226,0.0360116084410327,0.0152388873920524
"5151",NA,"Accra Zoo",2014-01-21 00:00:00,"2015-10-28","E. helvum","A","M",NA,"220","114.9",97.25,9.5,4.57728498249856,2.2512917986065,0.388189009492129,0.0566392432339674
"5524",NA,"Accra Zoo",2014-01-21 00:00:00,"2015-10-28","E. helvum","SA","F",NA,"255","122.6",9,7.25,2.19722457733622,1.98100146886658,0.0442709823952338,0.00930148074161949
"5574",NA,"Accra Zoo",2014-01-21 00:00:00,"2015-10-28","E. helvum","A","F",NA,"235","119.8",13,9.75,2.56494935746154,2.27726728500976,0.0974071047478565,0.0611885047897321
"5649",NA,"Accra Zoo",2014-01-21 00:00:00,"2015-10-28","E. helvum","JUV","F",NA,"150","101.2",5.5,5,1.70474809223843,1.6094379124341,-0.026891724559212,-0.0557729427575048
"5678",NA,"Accra Zoo",2014-01-21 00:00:00,"2015-10-28","E. helvum","A","M",NA,"210","119",29,5.5,3.36729582998647,1.70474809223843,0.213345933560946,-0.0390806302392524
"5863",NA,"Accra Zoo",2014-01-21 00:00:00,"2015-10-28","E. helvum","SA","F",NA,"165","109",49.75,8.25,3.9070104636046,2.11021320034659,0.2913345390546,0.0319311999103048
"5868",NA,"Accra Zoo",2014-01-21 00:00:00,"2015-10-28","E. helvum","A","M",NA,"210","117.2",20.75,8.5,3.03254624667671,2.14006616349627,0.164974717429753,0.0371595500352695
"5870",NA,"Accra Zoo",2014-01-21 00:00:00,"2015-10-28","E. helvum","A","M",NA,"200","115.1",8.25,6,2.11021320034659,1.79175946922805,0.0316978640641397,-0.0238417428472
"5873",NA,"Accra Zoo",2014-01-21 00:00:00,"2015-10-28","E. helvum","A","F",NA,"225","126",13.25,14.75,2.58399755243223,2.69124308278583,0.100159563307257,0.133690869234516
"5886",NA,"Accra Zoo",2014-01-21 00:00:00,"2015-10-28","E. helvum","A","M",NA,"195","121.2",24,13,3.17805383034795,2.56494935746154,0.186000520386395,0.111572200100375
"5977",NA,"Accra Zoo",2014-01-21 00:00:00,"2015-10-28","E. helvum","JUV","M",NA,"135","109.2",7,6.5,1.94591014905531,1.87180217690159,0.00795612157578404,-0.00982332535982512
"6116",NA,"Accra Zoo",2014-01-21 00:00:00,"2015-10-28","E. helvum","JUV","F",NA,"160","107.7",10.25,8.75,2.32727770558442,2.16905370036952,0.0630636210979683,0.0422363322385567
"6349",NA,"Accra Zoo",2014-01-21 00:00:00,"2015-10-28","E. helvum","JUV","M",NA,"165","115",13.25,11.25,2.58399755243223,2.42036812865043,0.100159563307257,0.0862507175416097
"6353",NA,"Accra Zoo",2014-01-21 00:00:00,"2015-10-28","E. helvum","A","F","P","245","125.8",7.75,7.75,2.04769284336526,2.04769284336526,0.0226636909062751,0.0209815894948414
"6422",NA,"Accra Zoo",2014-01-21 00:00:00,"2015-10-28","E. helvum","JUV","M",NA,"150","106.8",9.5,9.5,2.2512917986065,2.2512917986065,0.0520836799341503,0.0566392432339674
"6475",NA,"Accra Zoo",2014-01-21 00:00:00,"2015-10-28","E. helvum","JUV","M",NA,"145","104.6",9.5,9.75,2.2512917986065,2.27726728500976,0.0520836799341503,0.0611885047897321
"6479",NA,"Accra Zoo",2014-01-21 00:00:00,"2015-10-28","E. helvum","A","M",NA,"220","118",8.5,8.5,2.14006616349627,2.14006616349627,0.0360116084410327,0.0371595500352695
"6500",NA,"Accra Zoo",2014-01-21 00:00:00,"2015-10-28","E. helvum","JUV","M",NA,"160","109.5",9.25,11.5,2.22462355152433,2.4423470353692,0.0482301260904176,0.0901000312299536
"6544",NA,"Accra Zoo",2014-01-21 00:00:00,"2015-10-28","E. helvum","A","M",NA,"205","119.2",10.25,5,2.32727770558442,1.6094379124341,0.0630636210979683,-0.0557729427575048
"6826",NA,"Accra Zoo",2014-01-21 00:00:00,"2015-10-28","E. helvum","A","F",NA,"235","123.8",22.25,5.75,3.10234200861225,1.74919985480926,0.175060184459301,-0.0312954942302461
"6826",NA,"Accra Zoo",2014-01-21 00:00:00,"2015-10-28","E. helvum","A","M",NA,"225","121",8.25,12.25,2.11021320034659,2.50552593699074,0.0316978640641397,0.101164976995366
"6907",NA,"Accra Zoo",2014-01-21 00:00:00,"2015-10-28","E. helvum","SA","F",NA,"195","116.9",8.25,7,2.11021320034659,1.94591014905531,0.0316978640641397,0.00315570199930426
"6929",NA,"Accra Zoo",2014-01-21 00:00:00,"2015-10-28","E. helvum","A","M",NA,"210","120",10,9.5,2.30258509299405,2.2512917986065,0.0594955458560421,0.0566392432339674
"7114",NA,"Accra Zoo",2014-01-21 00:00:00,"2015-10-28","E. helvum","SA","M",NA,"185","111.6",10.25,8,2.32727770558442,2.07944154167984,0.0630636210979683,0.0265419524634425
"7369",NA,"Accra Zoo",2014-01-21 00:00:00,"2015-10-28","E. helvum","SA","F",NA,"155","103.3",12.75,8.5,2.54553127160443,2.14006616349627,0.0946011970643844,0.0371595500352695
"7615",NA,"Accra Zoo",2014-01-21 00:00:00,"2015-10-28","E. helvum","SA","M",NA,"185","109.2",11.5,6.25,2.4423470353692,1.83258146374831,0.0796911053387503,-0.0166923125182524
"7628",NA,"Accra Zoo",2014-01-21 00:00:00,"2015-10-28","E. helvum","SA","M",NA,"255","118",17.75,8,2.87638551592142,2.07944154167984,0.142409537859152,0.0265419524634425
"7739",NA,"Accra Zoo",2014-01-21 00:00:00,"2015-10-28","E. helvum","A","F","P","215","111.8",69.25,13,4.23772314506745,2.56494935746154,0.339122424058665,0.111572200100375
"7745",NA,"Accra Zoo",2014-01-21 00:00:00,"2015-10-28","E. helvum","A","M",NA,"270","127.2",24,10.25,3.17805383034795,2.32727770558442,0.186000520386395,0.0699471659434026
"7817",NA,"Accra Zoo",2014-01-21 00:00:00,"2015-10-28","E. helvum","A","M",NA,"145","116.2",7.25,8.25,1.98100146886658,2.11021320034659,0.0130268069464333,0.0319311999103048
"8009",NA,"Accra Zoo",2014-01-21 00:00:00,"2015-10-28","E. helvum","A","M",NA,"255","120.3",15.25,9,2.72457950305342,2.19722457733622,0.120473613739844,0.0471700873023573
"8029",NA,"Accra Zoo",2014-01-21 00:00:00,"2015-10-28","E. helvum","A","M",NA,"200",NA,9.5,7.5,2.2512917986065,2.01490302054226,0.0520836799341503,0.0152388873920524
"8106",NA,"Accra Zoo",2014-01-21 00:00:00,"2015-10-28","E. helvum","A","M",NA,"250","126",4.5,9.25,1.50407739677627,2.22462355152433,-0.0558885809120228,0.0519686538433763
"8229",NA,"Accra Zoo",2014-01-21 00:00:00,"2015-10-28","E. helvum","A","F",NA,"225","121.5",4,6.25,1.38629436111989,1.83258146374831,-0.0729081948514697,-0.0166923125182524
"8509",NA,"Accra Zoo",2014-01-21 00:00:00,"2015-10-28","E. helvum","A","F","P","220","111.6",6,6,1.79175946922805,1.79175946922805,-0.014318606228118,-0.0238417428472
"8656",NA,"Accra Zoo",2014-01-21 00:00:00,"2015-10-28","E. helvum","SA","F",NA,"215","119.4",7.75,3.5,2.04769284336526,1.25276296849537,0.0226636909062751,-0.118239823460895
"8793",NA,"Accra Zoo",2014-01-21 00:00:00,"2015-10-28","E. helvum","A","M",NA,"220","123.9",17,6,2.83321334405622,1.79175946922805,0.136171171748289,-0.0238417428472
"9089",NA,"Accra Zoo",2014-01-21 00:00:00,"2015-10-28","E. helvum","A","M",NA,"225","116.8",296.75,9.5,5.69289003348978,2.2512917986065,0.549393610570337,0.0566392432339674
"9231",NA,"Accra Zoo",2014-01-21 00:00:00,"2015-10-28","E. helvum","A","F",NA,"215","114.7",5.75,9.5,1.74919985480926,2.2512917986065,-0.0204684579685063,0.0566392432339674
"9588",NA,"Accra Zoo",2014-01-21 00:00:00,"2015-10-28","E. helvum","SA","F",NA,"275","113.1",10.5,7.5,2.35137525716348,2.01490302054226,0.0665457101991358,0.0152388873920524
"9675",NA,"Accra Zoo",2014-01-21 00:00:00,"2015-10-28","E. helvum","A","F","P","230","118.4",7.25,6.5,1.98100146886658,1.87180217690159,0.0130268069464333,-0.00982332535982512
"9846",NA,"Accra Zoo",2014-01-21 00:00:00,"2015-10-28","E. helvum","A","F",NA,"215","123.7",15,11,2.70805020110221,2.39789527279837,0.118085134479394,0.0823148952209474
"9901",NA,"Accra Zoo",2014-01-21 00:00:00,"2015-10-28","E. helvum","SA","M",NA,"170","105.8",12.25,8.25,2.50552593699074,2.11021320034659,0.0888204380030378,0.0319311999103048
"9968",NA,"Accra Zoo",2014-01-21 00:00:00,"2015-10-28","E. helvum","SA","M",NA,"185","113.2",8.75,7,2.16905370036952,1.94591014905531,0.0402002989760393,0.00315570199930426
"No Nu",NA,"Accra Zoo",2014-01-21 00:00:00,"2015-10-28","?","?","?","?","?","?",9.75,8.75,2.27726728500976,2.16905370036952,0.0558371300639517,0.0422363322385567
"956…0082","82","Accra Zoo",2014-05-27 00:00:00,"2017-03-06","E. helvum","SA","F","NRS","185","121.3",6,5.25,1.79175946922805,1.65822807660353,-0.0179516880050009,0.0303900517045399
"958…0184","184","Accra Zoo",2014-05-27 00:00:00,"2017-03-06","E. helvum","A","M","NRS","235","121.3",3.5,4.5,1.25276296849537,1.50407739677627,-0.115774113479765,0.00331442875156406
"956…0416","416","Accra Zoo",2014-05-27 00:00:00,"2017-03-06","E. helvum","SA","M","NRS","205","119.3",3.5,8,1.25276296849537,2.07944154167984,-0.115774113479765,0.104373617498103
"956…0474","474","Accra Zoo",2014-05-27 00:00:00,"2017-03-06","E. helvum","SA","F","NRS","180","119",2,5,0.693147180559945,1.6094379124341,-0.217338731497505,0.0218203581401282
"956…0556","556","Accra Zoo",2014-05-27 00:00:00,"2017-03-06","E. helvum","SA","M","NRS","200","116.4",8,10.5,2.07944154167984,2.35137525716348,0.0342597049346292,0.152137109406719
"958…0690","690","Accra Zoo",2014-05-27 00:00:00,"2017-03-06","E. helvum","A","F","P","345","124.8",22.5,12.5,3.11351530921037,2.52572864430826,0.221933658146121,0.182761214186512
"958…0691","691","Accra Zoo",2014-05-27 00:00:00,"2017-03-06","E. helvum","A","M","NRS","275","119.4",11.5,6.5,2.4423470353692,1.87180217690159,0.100123389694276,0.0679030345773456
"958…0778","778","Accra Zoo",2014-05-27 00:00:00,"2017-03-06","E. helvum","A","F","P","270","117.3",9.5,6.25,2.2512917986065,1.83258146374831,0.0654487923000858,0.0610141564843326
"958…0832","832","Accra Zoo",2014-05-27 00:00:00,"2017-03-06","E. helvum","A","M","NRS","300","123.9",4.5,7.5,1.50407739677627,2.01490302054226,-0.070163080944631,0.0930378214690378
"958…0949","949","Accra Zoo",2014-05-27 00:00:00,"2017-03-06","E. helvum","A","F","NRS","230","124.6",8,7.5,2.07944154167984,2.01490302054226,0.0342597049346292,0.0930378214690378
"958…1037","1037","Accra Zoo",2014-05-27 00:00:00,"2017-03-06","E. helvum","A","F","P","300","129.2",7,13.5,1.94591014905531,2.60268968544438,0.0100251047363025,0.196278949782653
"958…1365","1365","Accra Zoo",2014-05-27 00:00:00,"2017-03-06","E. helvum","A","F","NRS","165","115.3",8,4.5,2.07944154167984,1.50407739677627,0.0342597049346292,0.00331442875156406
"956…1369","1369","Accra Zoo",2014-05-27 00:00:00,"2017-03-06","E. helvum","A","F","L","230","123.2",29,11.25,3.36729582998647,2.42036812865043,0.267992261581988,0.164255284797947
"958…1383","1383","Accra Zoo",2014-05-27 00:00:00,"2017-03-06","E. helvum","A","F","P","310","125.4",15,6.5,2.70805020110221,1.87180217690159,0.148345832869684,0.0679030345773456
"956…1475","1475","Accra Zoo",2014-05-27 00:00:00,"2017-03-06","E. helvum","A","F","L","255","119.8",9,13.5,2.19722457733622,2.60268968544438,0.0556361372714362,0.196278949782653
"956…1525","1525","Accra Zoo",2014-05-27 00:00:00,"2017-03-06","E. helvum","A","F","P","250","112.1",9.5,7.5,2.2512917986065,2.01490302054226,0.0654487923000858,0.0930378214690378
"958…1534","1534","Accra Zoo",2014-05-27 00:00:00,"2017-03-06","E. helvum","A","M","NRS","190","114.5",11.25,7.5,2.42036812865043,2.01490302054226,0.0961344399300543,0.0930378214690378
"956…1625","1625","Accra Zoo",2014-05-27 00:00:00,"2017-03-06","E. helvum","SA","M","NRS","190","113",8.5,6.75,2.14006616349627,1.90954250488444,0.0452624619868779,0.0745318920804736
"956…1662","1662","Accra Zoo",2014-05-27 00:00:00,"2017-03-06","E. helvum","A","F","P","240","120",6,5,1.79175946922805,1.6094379124341,-0.0179516880050009,0.0218203581401282
"958…1760","1760","Accra Zoo",2014-05-27 00:00:00,"2017-03-06","E. helvum","A","M","NRS","220","119.4",18.5,7.75,2.91777073208428,2.04769284336526,0.186407992799542,0.0987971530558012
"958…1777","1777","Accra Zoo",2014-05-27 00:00:00,"2017-03-06","E. helvum","A","M","NRS","260","122.3",13,7.5,2.56494935746154,2.01490302054226,0.122374473884261,0.0930378214690378
"958…1879","1879","Accra Zoo",2014-05-27 00:00:00,"2017-03-06","E. helvum","A","F","P","175","109.3",9,6.25,2.19722457733622,1.83258146374831,0.0556361372714362,0.0610141564843326
"956…1966","1966","Accra Zoo",2014-05-27 00:00:00,"2017-03-06","E. helvum","SA","M","NRS","240","112.6",10.25,5.5,2.32727770558442,1.70474809223843,0.0792394675871717,0.0385610075803645
"956…2209","2209","Accra Zoo",2014-05-27 00:00:00,"2017-03-06","E. helvum","A","F","L","270","116.5",93,8.75,4.53259949315326,2.16905370036952,0.479483116514525,0.120113444422014
"958…2317","2317","Accra Zoo",2014-05-27 00:00:00,"2017-03-06","E. helvum","A","F","L","300","119.4",7.75,6.5,2.04769284336526,1.87180217690159,0.0284976365898867,0.0679030345773456
"958…2453","2453","Accra Zoo",2014-05-27 00:00:00,"2017-03-06","E. helvum","A","F","P","220","119",10,10,2.30258509299405,2.30258509299405,0.0747580075932473,0.143567415842307
"958…2857","2857","Accra Zoo",2014-05-27 00:00:00,NA,"E. helvum","A","F","L","265","113.8",27.75,12.5,3.32323584019244,2.52572864430826,0.259995818075979,0.182761214186512
"958…2870","2870","Accra Zoo",2014-05-27 00:00:00,"2017-03-06","E. helvum","SA","M","NRS","170","117.5",12.25,6.5,2.50552593699074,1.87180217690159,0.111589722754043,0.0679030345773456
"958…2905","2905","Accra Zoo",2014-05-27 00:00:00,"2017-03-06","E. helvum","A","F","NRS","280","119",28,9,3.3322045101752,2.19722457733622,0.261623541168437,0.125061486453743
"958…2966","2966","Accra Zoo",2014-05-27 00:00:00,"2017-03-06","E. helvum","A","M","NRS","230","118.4",9.75,9.5,2.27726728500976,2.2512917986065,0.070163080944631,0.134558062783277
"958…3205","3205","Accra Zoo",2014-05-27 00:00:00,"2017-03-06","E. helvum","A","F","P","280","126.4",21,8,3.04452243772342,2.07944154167984,0.209412148228807,0.104373617498103
"958…3240","3240","Accra Zoo",2014-05-27 00:00:00,"2017-03-06","E. helvum","A","F","P","350","127.6",9.5,5,2.2512917986065,1.6094379124341,0.0654487923000858,0.0218203581401282
"958…3252","3252","Accra Zoo",2014-05-27 00:00:00,"2017-03-06","E. helvum","A","M","NRS","340","119.4",10.5,7.25,2.35137525716348,1.98100146886658,0.0836129300127395,0.0870832215170935
"956…3362","3362","Accra Zoo",2014-05-27 00:00:00,"2017-03-06","E. helvum","SA","M","NRS","195","114.6",7.5,4.75,2.01490302054226,1.55814461804655,0.0225466146536172,0.012811005081098
"956…3529","3529","Accra Zoo",2014-05-27 00:00:00,"2017-03-06","E. helvum","A","M","NRS","210","117.4",9.5,7,2.2512917986065,1.94591014905531,0.0654487923000858,0.0809196460778094
"958…3660","3660","Accra Zoo",2014-05-27 00:00:00,"2017-03-06","E. helvum","A","F","NRS","255","118.9",4.5,5.5,1.50407739677627,1.70474809223843,-0.070163080944631,0.0385610075803645
"958…3800","3800","Accra Zoo",2014-05-27 00:00:00,"2017-03-06","E. helvum","A","F","L","280","126.2",9,9.5,2.19722457733622,2.2512917986065,0.0556361372714362,0.134558062783277
"958…3940","3940","Accra Zoo",2014-05-27 00:00:00,"2017-03-06","E. helvum","A","F","NRS","215","119.4",18,5,2.89037175789616,1.6094379124341,0.181435355487503,0.0218203581401282
"956…3981","3981","Accra Zoo",2014-05-27 00:00:00,"2017-03-06","E. helvum","SA","F","NRS","190","114.3",3,9,1.09861228866811,2.19722457733622,-0.143750906221068,0.125061486453743
"956…4197","4197","Accra Zoo",2014-05-27 00:00:00,"2017-03-06","E. helvum","SA","F","NRS","155","115.1",4.5,6.5,1.50407739677627,1.87180217690159,-0.070163080944631,0.0679030345773456
"956…4359","4359","Accra Zoo",2014-05-27 00:00:00,"2017-03-06","E. helvum","SA","M","NRS","125","102.6",8.75,5,2.16905370036952,1.6094379124341,0.0505234073949205,0.0218203581401282
"958…4438","4438","Accra Zoo",2014-05-27 00:00:00,"2017-03-06","E. helvum","A","F","P","280","123",7.5,8,2.01490302054226,2.07944154167984,0.0225466146536172,0.104373617498103
"958…4509","4509","Accra Zoo",2014-05-27 00:00:00,"2017-03-06","E. helvum","A","F","L","315","128.9",11,7,2.39789527279837,1.94591014905531,0.0920558433829435,0.0809196460778094
"956…4617","4617","Accra Zoo",2014-05-27 00:00:00,"2017-03-06","E. helvum","SA","F","NRS","200","119.7",8,6.5,2.07944154167984,1.87180217690159,0.0342597049346292,0.0679030345773456
"956…4640","4640","Accra Zoo",2014-05-27 00:00:00,"2017-03-06","E. helvum","SA","F","NRS","200","110",6.5,6,1.87180217690159,1.79175946922805,-0.00342474433180615,0.0538440231248335
"958…4751","4751","Accra Zoo",2014-05-27 00:00:00,"2017-03-06","E. helvum","SA","F","NRS","190","119.5",7.25,6.25,1.98100146886658,1.83258146374831,0.0163938251498539,0.0610141564843326
"956…4766","4766","Accra Zoo",2014-05-27 00:00:00,"2017-03-06","E. helvum","A","M","NRS","220","121.1",11.5,6,2.4423470353692,1.79175946922805,0.100123389694276,0.0538440231248335
"958…4829","4829","Accra Zoo",2014-05-27 00:00:00,"2017-03-07","E. helvum","A","F","P","270","119.9",12,7,2.484906649788,1.94591014905531,0.107847530211066,0.0809196460778094
"958…4830","4830","Accra Zoo",2014-05-27 00:00:00,"2017-03-07","E. helvum","A","F","NRS","270","120.7",50.5,3.75,3.92197333628131,1.32175583998232,0.368660631317778,-0.0287092362331412
"956…5068","5068","Accra Zoo",2014-05-27 00:00:00,"2017-03-07","E. helvum","SA","M","NRS","180","118",8.5,2.5,2.14006616349627,0.916290731874155,0.0452624619868779,-0.0999266995620508
"958…5151","5151","Accra Zoo",2014-05-27 00:00:00,"2017-03-07","E. helvum","A","M","NRS","200","113.9",30.5,6.5,3.41772668361337,1.87180217690159,0.277144952580611,0.0679030345773456
"956…5524","5524","Accra Zoo",2014-05-27 00:00:00,"2017-03-06","E. helvum","A","F","P","310","122.7",9.5,6.5,2.2512917986065,1.87180217690159,0.0654487923000858,0.0679030345773456
"956…5649","5649","Accra Zoo",2014-05-27 00:00:00,"2017-03-06","E. helvum","SA","F","NRS","165","109.9",11.5,7,2.4423470353692,1.94591014905531,0.100123389694276,0.0809196460778094
"958…5678","5678","Accra Zoo",2014-05-27 00:00:00,"2017-03-06","E. helvum","A","M","NRS","240","119.3",11,5.5,2.39789527279837,1.70474809223843,0.0920558433829435,0.0385610075803645
"956…5863","5863","Accra Zoo",2014-05-27 00:00:00,"2017-03-06","E. helvum","SA","F","NRS","180","115.6",8.5,8,2.14006616349627,2.07944154167984,0.0452624619868779,0.104373617498103
"958…5868","5868","Accra Zoo",2014-05-27 00:00:00,"2017-03-06","E. helvum","A","M","NRS","210","120.3",14.75,10.5,2.69124308278583,2.35137525716348,0.145295510508194,0.152137109406719
"956…5870","5870","Accra Zoo",2014-05-27 00:00:00,"2017-03-06","E. helvum","A","M","NRS","210","120",9.5,7,2.2512917986065,1.94591014905531,0.0654487923000858,0.0809196460778094
"958…5876","5876","Accra Zoo",2014-05-27 00:00:00,"2017-03-06","E. helvum","A","F","L","250","123.9",14.25,12.5,2.65675690671466,2.52572864430826,0.139036617576523,0.182761214186512
"958…5886","5886","Accra Zoo",2014-05-27 00:00:00,"2017-03-06","E. helvum","A","M","NRS","220","119.9",56.25,8.25,4.02980604108453,2.11021320034659,0.388231179020807,0.109778470909274
"958…5961","5961","Accra Zoo",2014-05-27 00:00:00,"2017-03-06","E. helvum","A","F","P","285","119.5",13.5,9.75,2.60268968544438,2.27726728500976,0.129223962547873,0.139120497906255
"956…5977","5977","Accra Zoo",2014-05-27 00:00:00,"2017-03-06","E. helvum","SA","M","NRS","165","117.4",10,7,2.30258509299405,1.94591014905531,0.0747580075932473,0.0809196460778094
"956…6116","6116","Accra Zoo",2014-05-27 00:00:00,"2017-03-06","E. helvum","SA","F","NRS","180","115",5.25,6.75,1.65822807660353,1.90954250488444,-0.0421862882033276,0.0745318920804736
"958…6353","6353","Accra Zoo",2014-05-27 00:00:00,"2017-03-06","E. helvum","A","F","L","275","125.6",22.5,8.25,3.11351530921037,2.11021320034659,0.221933658146121,0.109778470909274
"956…6422","6422","Accra Zoo",2014-05-27 00:00:00,"2017-03-06","E. helvum","SA","M","L","155","113",9,7.25,2.19722457733622,1.98100146886658,0.0556361372714362,0.0870832215170935
"956…6475","6475","Accra Zoo",2014-05-27 00:00:00,"2017-03-06","E. helvum","SA","M","NRS","160","112.5",12,6.5,2.484906649788,1.87180217690159,0.107847530211066,0.0679030345773456
"958…6479","6479","Accra Zoo",2014-05-27 00:00:00,"2017-03-06","E. helvum","A","M","NRS","255","121",12,5.5,2.484906649788,1.70474809223843,0.107847530211066,0.0385610075803645
"956…6500","6500","Accra Zoo",2014-05-27 00:00:00,"2017-03-06","E. helvum","A","M","NRS","220","113.8",8.5,4.5,2.14006616349627,1.50407739677627,0.0452624619868779,0.00331442875156406
"958…6514","6514","Accra Zoo",2014-05-27 00:00:00,"2017-03-07","E. helvum","A","F","P","260","117.7",12,9.5,2.484906649788,2.2512917986065,0.107847530211066,0.134558062783277
"958…6826","6826","Accra Zoo",2014-05-27 00:00:00,"2017-03-07","E. helvum","A","F","NRS","240","123.9",17.5,7.5,2.86220088092947,2.01490302054226,0.176322625610988,0.0930378214690378
"956…6907","6907","Accra Zoo",2014-05-27 00:00:00,"2017-03-07","E. helvum","SA","F","NRS","195","120.7",11.5,5.5,2.4423470353692,1.70474809223843,0.100123389694276,0.0385610075803645
"956…7369","7369","Accra Zoo",2014-05-27 00:00:00,"2017-03-07","E. helvum","SA","F","NRS","175","100.3",10.25,4.5,2.32727770558442,1.50407739677627,0.0792394675871717,0.00331442875156406
"956…7502","7502","Accra Zoo",2014-05-27 00:00:00,"2017-03-07","E. helvum","A","F","NRS","250","121.3",11,5,2.39789527279837,1.6094379124341,0.0920558433829435,0.0218203581401282
"958…7615","7615","Accra Zoo",2014-05-27 00:00:00,"2017-03-07","E. helvum","A","M","NRS","195","108.4",10,5.5,2.30258509299405,1.70474809223843,0.0747580075932473,0.0385610075803645
"958…7628","7628","Accra Zoo",2014-05-27 00:00:00,"2017-03-07","E. helvum","A","F","P","280","118.4",71,8.5,4.26267987704132,2.14006616349627,0.430495430146628,0.115021961078605
"958…7739","7739","Accra Zoo",2014-05-27 00:00:00,"2017-03-07","E. helvum","A","F","L","245","113",141.5,7.5,4.95229971708329,2.01490302054226,0.555654471655659,0.0930378214690378
"958…7745","7745","Accra Zoo",2014-05-27 00:00:00,"2017-03-07","E. helvum","A","M","NRS","215","129",25.5,5.75,3.23867845216438,1.74919985480926,0.244649505479382,0.0463686874706629
"958…7828","7828","Accra Zoo",2014-05-27 00:00:00,"2017-03-07","E. helvum","SA","M","NRS","210","109",11.5,8,2.4423470353692,2.07944154167984,0.100123389694276,0.104373617498103
"958…8029","8029","Accra Zoo",2014-05-27 00:00:00,"2017-03-07","E. helvum","A","M","NRS","215","119.7",27.5,4,3.31418600467253,1.38629436111989,0.258353364257629,-0.017373440204076
"956…8106","8106","Accra Zoo",2014-05-27 00:00:00,"2017-03-07","E. helvum","A","M","NRS","265","119.4",11.5,5.75,2.4423470353692,1.74919985480926,0.100123389694276,0.0463686874706629
"958…8229","8229","Accra Zoo",2014-05-27 00:00:00,"2017-03-07","E. helvum","A","F","P","255","120.5",15,10.75,2.70805020110221,2.37490575457367,0.148345832869684,0.156270097185225
"958…8509","8509","Accra Zoo",2014-05-27 00:00:00,"2017-03-07","E. helvum","A","F","P","280","111.1",12,4.5,2.484906649788,1.50407739677627,0.107847530211066,0.00331442875156406
"956…8656","8656","Accra Zoo",2014-05-27 00:00:00,"2017-03-07","E. helvum","A","F","NRS","220","119.3",19.5,7,2.9704144655697,1.94591014905531,0.195962299160698,0.0809196460778094
"958…8793","8793","Accra Zoo",2014-05-27 00:00:00,"2017-03-06","E. helvum","A","M","NRS","240","124",17.5,5.25,2.86220088092947,1.65822807660353,0.176322625610988,0.0303900517045399
"958…9089","9089","Accra Zoo",2014-05-27 00:00:00,"2017-03-06","E. helvum","A","M","NRS","220","116.9",156.75,6,5.05465217951303,1.79175946922805,0.574230410673038,0.0538440231248335
"958…9231","9231","Accra Zoo",2014-05-27 00:00:00,"2017-03-07","E. helvum","A","F","P","250","115.9",14,7.5,2.63905732961526,2.01490302054226,0.13582432295237,0.0930378214690378
"956…9588","9588","Accra Zoo",2014-05-27 00:00:00,"2017-03-07","E. helvum","SA","F","NRS","290","119.3",7.75,5,2.04769284336526,1.6094379124341,0.0284976365898867,0.0218203581401282
"956…9675","9675","Accra Zoo",2014-05-27 00:00:00,"2017-03-07","E. helvum","A","F","NRS","285","114",26.75,7,3.28653447334202,1.94591014905531,0.253334890372984,0.0809196460778094
"958…9846","9846","Accra Zoo",2014-05-27 00:00:00,"2017-03-07","E. helvum","A","F","P","270","124",27.5,7,3.31418600467253,1.94591014905531,0.258353364257629,0.0809196460778094
"956…9901","9901","Accra Zoo",2014-05-27 00:00:00,"2017-03-07","E. helvum","SA","M","NRS","195","111",13,4.5,2.56494935746154,1.50407739677627,0.122374473884261,0.00331442875156406
"956…9968","9968","Accra Zoo",2014-05-27 00:00:00,"2017-03-07","E. helvum","SA","M","NRS","200","117.5",11,6.5,2.39789527279837,1.87180217690159,0.0920558433829435,0.0679030345773456
"1602857",NA,"Accra Zoo",2016-01-05 00:00:00,"2016-01-18","E. helvum","A","F","NP","210",NA,8.5,7.5,2.14006616349627,2.01490302054226,0.0347715244738259,-0.0396097579586354
"1688229",NA,"Accra Zoo",2016-01-05 00:00:00,"2016-01-18","E. helvum","A","F","NP","220",NA,5.75,8,1.74919985480926,2.07944154167984,-0.0352289720734361,-0.0255886227389727
"5897177",NA,"Accra Zoo",2016-01-05 00:00:00,"2016-01-18","E. helvum","A","F","P","195",NA,5.75,8,1.74919985480926,2.07944154167984,-0.0352289720734361,-0.0255886227389727
"1682905",NA,"Accra Zoo",2016-01-05 00:00:00,"2016-01-18","E. helvum","A","F","P","250",NA,6.5,6.5,1.87180217690159,1.87180217690159,-0.0132720440047576,-0.0706987299922021
"5905675",NA,"Accra Zoo",2016-01-05 00:00:00,"2016-01-19","E. helvum","SA","M",NA,"130",NA,4.5,2.5,1.50407739677627,0.916290731874155,-0.0473166502361968,-0.214194170151494
"5898735",NA,"Accra Zoo",2016-01-05 00:00:00,"2016-01-19","E. helvum","SA","M",NA,"110",NA,5,6,1.6094379124341,1.79175946922805,-0.0299874276482224,-0.0320683316504304
"5897200",NA,"Accra Zoo",2016-01-05 00:00:00,"2016-01-18","E. helvum","A","F","P","260",NA,7.5,4.5,2.01490302054226,1.50407739677627,0.0123559773635422,-0.150587744721365
"3461662",NA,"Accra Zoo",2016-01-05 00:00:00,"2016-01-18","E. helvum","A","F","NP","205",NA,6.25,4,1.83258146374831,1.38629436111989,-0.0202961065413572,-0.176176367460338
"5895564",NA,"Accra Zoo",2016-01-05 00:00:00,"2016-01-19","E. helvum","SA","M",NA,"100",NA,5.5,3.25,1.70474809223843,1.17865499634165,-0.0143112389885826,-0.159613909749185
"3450416",NA,"Accra Zoo",2016-01-05 00:00:00,"2016-01-19","E. helvum","A","M",NA,"220",NA,6.25,6.5,1.83258146374831,1.87180217690159,0.00671421760903303,-0.0154168572699747
"3584766",NA,"Accra Zoo",2016-01-05 00:00:00,"2016-01-19","E. helvum","A","M",NA,"195",NA,7,7.5,1.94591014905531,2.01490302054226,0.0253540088156897,0.0143527507425747
"1591037",NA,"Accra Zoo",2016-01-05 00:00:00,"2016-01-18","E. helvum","A","F","P","240",NA,6,10.25,1.79175946922805,2.32727770558442,-0.0276069435793882,0.0282543272570678
"5897942",NA,"Accra Zoo",2016-01-05 00:00:00,"2016-01-18","E. helvum","A","F","P","240",NA,8,5.75,2.07944154167984,1.74919985480926,0.0239142222816877,-0.0973343532758059
"5898050",NA,"Accra Zoo",2016-01-05 00:00:00,"2016-01-18","E. helvum","SA","F","NP","210",NA,6,6,1.79175946922805,1.79175946922805,-0.0276069435793882,-0.0880881837301691
"3463981",NA,"Accra Zoo",2016-01-05 00:00:00,"2016-01-18","E. helvum","A","F","NP","230",NA,8.25,7.5,2.11021320034659,2.01490302054226,0.0294251382608403,-0.0396097579586354
"3485524",NA,"Accra Zoo",2016-01-05 00:00:00,"2016-01-18","E. helvum","A","F","NP","250",NA,6,3,1.79175946922805,1.09861228866811,-0.0276069435793882,-0.238675928451535
"3555977",NA,"Accra Zoo",2016-01-05 00:00:00,"2016-01-20","E. helvum","A","M",NA,"215",NA,9.5,6.5,2.2512917986065,1.87180217690159,0.0740919567470234,0
"1593800",NA,"Accra Zoo",2016-01-05 00:00:00,"2016-01-20","E. helvum","A","F","P","225",NA,6.5,7.5,1.87180217690159,2.01490302054226,0.00694021413043111,0.0289292763627961
"5897617",NA,"Accra Zoo",2016-01-05 00:00:00,"2016-01-19","E. helvum","A","M",NA,"205",NA,4.75,5.25,1.55814461804655,1.65822807660353,-0.0384239174486245,-0.0598471840643516
"5898478",NA,"Accra Zoo",2016-01-05 00:00:00,"2016-01-18","E. helvum","SA","F","NP","125",NA,6.5,5.75,1.87180217690159,1.74919985480926,-0.0132720440047576,-0.0973343532758059
"5896409",NA,"Accra Zoo",2016-01-05 00:00:00,"2016-01-19","E. helvum","A","M",NA,"190",NA,5,4,1.6094379124341,1.38629436111989,-0.0299874276482224,-0.116418200065289
"1591879",NA,"Accra Zoo",2016-01-05 00:00:00,"2016-01-18","E. helvum","A","F","P","150",NA,6.5,4,1.87180217690159,1.38629436111989,-0.0132720440047576,-0.176176367460338
"1933940",NA,"Accra Zoo",2016-01-05 00:00:00,"2016-01-18","E. helvum","A","F","NP","195",NA,7,6.5,1.94591014905531,1.87180217690159,0,-0.0706987299922021
"3467369",NA,"Accra Zoo",2016-01-05 00:00:00,"2016-01-18","E. helvum","A","F","P","210",NA,6,6,1.79175946922805,1.79175946922805,-0.0276069435793882,-0.0880881837301691
"1684438",NA,"Accra Zoo",2016-01-05 00:00:00,"2016-01-18","E. helvum","A","F","P","230",NA,8,6.5,2.07944154167984,1.87180217690159,0.0239142222816877,-0.0706987299922021
"1934830",NA,"Accra Zoo",2016-01-05 00:00:00,"2016-01-18","E. helvum","A","F","P","200",NA,4.5,6.5,1.50407739677627,1.87180217690159,-0.0791281094404642,-0.0706987299922021
"1937628",NA,"Accra Zoo",2016-01-05 00:00:00,"2016-01-18","E. helvum","A","F","P","225",NA,10.25,4.5,2.32727770558442,1.50407739677627,0.0682993589642698,-0.150587744721365
"3586422",NA,"Accra Zoo",2016-01-05 00:00:00,"2016-01-19","E. helvum","A","M",NA,"200",NA,7.25,3.5,1.98100146886658,1.25276296849537,0.0311256708858547,-0.14419705247921
"5897013",NA,"Accra Zoo",2016-01-05 00:00:00,"2016-01-19","E. helvum","SA","M",NA,"210",NA,6,6.75,1.79175946922805,1.90954250488444,0,-0.00756564729992339
"5897322",NA,"Accra Zoo",2016-01-05 00:00:00,"2016-01-18","E. helvum","SA","F","NP","140",NA,5,6,1.6094379124341,1.79175946922805,-0.0602590274842877,-0.0880881837301691
"3486907",NA,"Accra Zoo",2016-01-05 00:00:00,"2016-01-18","E. helvum","A","F","NP","230",NA,6,6,1.79175946922805,1.79175946922805,-0.0276069435793882,-0.0880881837301691
"3591966",NA,"Accra Zoo",2016-01-05 00:00:00,"2016-01-19","E. helvum","A","M",NA,"200",NA,6.5,4.5,1.87180217690159,1.50407739677627,0.0131650636783482,-0.091915515714782
"3470474",NA,"Accra Zoo",2016-01-05 00:00:00,"2016-01-18","E. helvum","A","F","P","235",NA,7,4,1.94591014905531,1.38629436111989,0,-0.176176367460338
"3584751",NA,"Accra Zoo",2016-01-05 00:00:00,"2016-01-18","E. helvum","A","F","NP","190",NA,8,4,2.07944154167984,1.38629436111989,0.0239142222816877,-0.176176367460338
"3581625",NA,"Accra Zoo",2016-01-05 00:00:00,"2016-01-19","E. helvum","A","M",NA,"180",NA,5,4,1.6094379124341,1.38629436111989,-0.0299874276482224,-0.116418200065289
"3491475",NA,"Accra Zoo",2016-01-05 00:00:00,"2016-01-18","E. helvum","A","F","NP","215",NA,4.75,4.75,1.55814461804655,1.55814461804655,-0.0694451762949507,-0.138841522356493
"1950832",NA,"Accra Zoo",2016-01-05 00:00:00,"2016-01-19","E. helvum","A","M",NA,"205",NA,6,6,1.79175946922805,1.79175946922805,0,-0.0320683316504304
"5895543",NA,"Accra Zoo",2016-01-05 00:00:00,"2016-01-18","E. helvum","A","F","NP","210",NA,6,4,1.79175946922805,1.38629436111989,-0.0276069435793882,-0.176176367460338
"1951534",NA,"Accra Zoo",2016-01-05 00:00:00,"2016-01-19","E. helvum","A","M",NA,"175",NA,5,4.5,1.6094379124341,1.50407739677627,-0.0299874276482224,-0.091915515714782
"5897001",NA,"Accra Zoo",2016-01-05 00:00:00,"2016-01-18","E. helvum","A","F","P","200",NA,3,6,1.09861228866811,1.79175946922805,-0.151743114288294,-0.0880881837301691
"3470082",NA,"Accra Zoo",2016-01-05 00:00:00,"2016-01-18","E. helvum","A","F","NP","185",NA,4.75,7.75,1.55814461804655,2.04769284336526,-0.0694451762949507,-0.0324860970577306
"3582209",NA,"Accra Zoo",2016-01-05 00:00:00,"2016-01-18","E. helvum","A","F","P","215",NA,15.5,5,2.7408400239252,1.6094379124341,0.142364498357681,-0.127697941688804
"5897057",NA,"Accra Zoo",2016-01-05 00:00:00,"2016-01-18","E. helvum","SA","F","NP","110",NA,6,5,1.79175946922805,1.6094379124341,-0.0276069435793882,-0.127697941688804
"3591525",NA,"Accra Zoo",2016-01-05 00:00:00,"2016-01-18","E. helvum","A","F","NP","210",NA,7.25,3.75,1.98100146886658,1.32175583998232,0.0062845268489351,-0.190197502680001
"3486116",NA,"Accra Zoo",2016-01-05 00:00:00,"2016-01-18","E. helvum","A","F","NP","235",NA,6,5.5,1.79175946922805,1.70474809223843,-0.0276069435793882,-0.106991596156061
"3585649",NA,"Accra Zoo",2016-01-05 00:00:00,"2016-01-18","E. helvum","A","F","NP","195",NA,5.5,7,1.70474809223843,1.94591014905531,-0.0431898665869897,-0.0545986105579897
"5897475",NA,"Accra Zoo",2016-01-05 00:00:00,"2016-01-19","E. helvum","SA","M",NA,"230",NA,4.25,5,1.44691898293633,1.6094379124341,-0.0567178084407074,-0.0699971176722839
"5897775",NA,"Accra Zoo",2016-01-05 00:00:00,"2016-01-19","E. helvum","A","M",NA,"215",NA,6.5,6,1.87180217690159,1.79175946922805,0.0131650636783482,-0.0320683316504304
"3485870",NA,"Accra Zoo",2016-01-05 00:00:00,"2016-01-19","E. helvum","A","M",NA,"230",NA,6.75,6.75,1.90954250488444,1.90954250488444,0.019372422669281,-0.00756564729992339
"5897426",NA,"Accra Zoo",2016-01-05 00:00:00,"2016-01-18","E. helvum","SA","F","P","250",NA,2.75,5.75,1.01160091167848,1.74919985480926,-0.167326037295896,-0.0973343532758059
"5904934",NA,"Accra Zoo",2016-01-05 00:00:00,"2016-01-19","E. helvum","SA","M",NA,"170",NA,5.5,4.5,1.70474809223843,1.50407739677627,-0.0143112389885826,-0.091915515714782
"5898337",NA,"Accra Zoo",2016-01-05 00:00:00,"2016-01-18","E. helvum","SA","F","NP","150",NA,7,6,1.94591014905531,1.79175946922805,0,-0.0880881837301691
"1679675",NA,"Accra Zoo",2016-01-05 00:00:00,"2016-01-18","E. helvum","A","F","P","230",NA,8.25,5.75,2.11021320034659,1.74919985480926,0.0294251382608403,-0.0973343532758059
"5897122",NA,"Accra Zoo",2016-01-05 00:00:00,"2016-01-19","E. helvum","A","M",NA,"210",NA,6.5,4.5,1.87180217690159,1.50407739677627,0.0131650636783482,-0.091915515714782
"1924829",NA,"Accra Zoo",2016-01-05 00:00:00,"2016-01-18","E. helvum","A","F","NP","200",NA,5.5,6.5,1.70474809223843,1.87180217690159,-0.0431898665869897,-0.0706987299922021
"5897032",NA,"Accra Zoo",2016-01-05 00:00:00,"2016-01-18","E. helvum","SA","F","P","210",NA,5.25,5.25,1.65822807660353,1.65822807660353,-0.051521165861076,-0.117098171549186
"5897975",NA,"Accra Zoo",2016-01-05 00:00:00,"2016-01-18","E. helvum","SA","F","NP","210",NA,6,6,1.79175946922805,1.79175946922805,-0.0276069435793882,-0.0880881837301691
"3460556",NA,"Accra Zoo",2016-01-05 00:00:00,"2016-01-19","E. helvum","A","M",NA,"230",NA,7.5,4.5,2.01490302054226,1.50407739677627,0.0367016452572554,-0.091915515714782
"5897965",NA,"Accra Zoo",2016-01-05 00:00:00,"2016-01-18","E. helvum","SA","F","NP","100",NA,9.5,6.5,2.2512917986065,1.87180217690159,0.0546909944139553,-0.0706987299922021
"5899054",NA,"Accra Zoo",2016-01-05 00:00:00,"2016-01-19","E. helvum","SA","M",NA,"180",NA,4,6.5,1.38629436111989,1.87180217690159,-0.0666890729054778,-0.0154168572699747
"3582870",NA,"Accra Zoo",2016-01-05 00:00:00,"2016-01-19","E. helvum","A","M",NA,"190",NA,8.25,5,2.11021320034659,1.6094379124341,0.0523778339168951,-0.0699971176722839
"5907743",NA,"Accra Zoo",2016-01-05 00:00:00,"2016-01-18","E. helvum","SA","F","NP","190",NA,6.5,5,1.87180217690159,1.6094379124341,-0.0132720440047576,-0.127697941688804
"5895894",NA,"Accra Zoo",2016-01-05 00:00:00,"2016-01-19","E. helvum","SA","M",NA,"160",NA,5,5.5,1.6094379124341,1.70474809223843,-0.0299874276482224,-0.0501695148420382
"1589231",NA,"Accra Zoo",2016-01-05 00:00:00,"2016-01-18","E. helvum","A","F","P","200",NA,5,7.25,1.6094379124341,1.98100146886658,-0.0602590274842877,-0.0469749443902842
"5895437",NA,"Accra Zoo",2016-01-05 00:00:00,"2016-01-18","E. helvum","SA","F","NP","210",NA,4.5,6,1.50407739677627,1.79175946922805,-0.0791281094404642,-0.0880881837301691
"3463362",NA,"Accra Zoo",2016-01-05 00:00:00,"2016-01-19","E. helvum","A","M",NA,"210",NA,7.25,3.75,1.98100146886658,1.32175583998232,0.0311256708858547,-0.129844301736635
"1607615",NA,"Accra Zoo",2016-01-05 00:00:00,"2016-01-20","E. helvum","A","M",NA,"160",NA,8.75,5.75,2.16905370036952,1.74919985480926,0.0595396968425839,-0.0247852938410038
"5897596",NA,"Accra Zoo",2016-01-05 00:00:00,"2016-01-18","E. helvum","A","F","P","210",NA,6.5,6,1.87180217690159,1.79175946922805,-0.0132720440047576,-0.0880881837301691
"3484617",NA,"Accra Zoo",2016-01-05 00:00:00,"2016-01-18","E. helvum","A","F","NP","240",NA,5.5,6.5,1.70474809223843,1.87180217690159,-0.0431898665869897,-0.0706987299922021
"5894939",NA,"Accra Zoo",2016-01-05 00:00:00,"2016-01-18","E. helvum","SA","F","NP","120",NA,6,3,1.79175946922805,1.09861228866811,-0.0276069435793882,-0.238675928451535
"5897729",NA,"Accra Zoo",2016-01-05 00:00:00,"2016-01-20","E. helvum","SA","M",NA,"190",NA,5.5,6,1.70474809223843,1.79175946922805,-0.0226204701537747,-0.0161814392717954
"5897203",NA,"Accra Zoo",2016-01-05 00:00:00,"2016-01-18","E. helvum","SA","F","NP","130",NA,4,3.25,1.38629436111989,1.17865499634165,-0.100221948427218,-0.221286474713568
"5895653",NA,"Accra Zoo",2016-01-05 00:00:00,"2016-01-18","E. helvum","SA","F","NP","210",NA,4.5,6,1.50407739677627,1.79175946922805,-0.0791281094404642,-0.0880881837301691
"3478656",NA,"Accra Zoo",2016-01-05 00:00:00,"2016-01-18","E. helvum","A","F","P","175",NA,5.5,6,1.70474809223843,1.79175946922805,-0.0431898665869897,-0.0880881837301691
"3444640",NA,"Accra Zoo",2016-01-05 00:00:00,"2016-01-18","E. helvum","A","F","NP","170",NA,5,6.5,1.6094379124341,1.87180217690159,-0.0602590274842877,-0.0706987299922021
"1925151",NA,"Accra Zoo",2016-01-05 00:00:00,"2016-01-20","E. helvum","A","M",NA,"190",NA,16.25,6.5,2.78809290877575,1.87180217690159,0.169080404189777,0
"5897249",NA,"Accra Zoo",2016-01-05 00:00:00,"2016-01-18","E. helvum","SA","F","NP","160",NA,7.5,5.5,2.01490302054226,1.70474809223843,0.0123559773635422,-0.106991596156061
"5897090",NA,"Accra Zoo",2016-01-05 00:00:00,"2016-01-18","E. helvum","SA","F","NP","130",NA,8,4.5,2.07944154167984,1.50407739677627,0.0239142222816877,-0.150587744721365
"5899288",NA,"Accra Zoo",2016-01-05 00:00:00,"2016-01-18","E. helvum","SA","F","NP","190",NA,7,6,1.94591014905531,1.79175946922805,0,-0.0880881837301691
"3476475",NA,"Accra Zoo",2016-01-05 00:00:00,"2016-01-20","E. helvum","A","M",NA,"165",NA,8,7,2.07944154167984,1.94591014905531,0.0436825764591272,0.014981672732166
"5896540",NA,"Accra Zoo",2016-01-05 00:00:00,"2016-01-20","E. helvum","SA","M",NA,"180",NA,7.25,6.75,1.98100146886658,1.90954250488444,0.0262633321514278,0.0076295872928595
"5896047",NA,"Accra Zoo",2016-01-05 00:00:00,"2016-01-18","E. helvum","SA","F","NP","140",NA,3.5,6.75,1.25276296849537,1.90954250488444,-0.124136170708906,-0.0624995609911965
"5898394",NA,"Accra Zoo",2016-01-05 00:00:00,"2016-01-20","E. helvum","SA","M",NA,"215",NA,6,8,1.79175946922805,2.07944154167984,-0.00722356531597528,0.0419763882213616
"1947739",NA,"Accra Zoo",2016-01-05 00:00:00,"2016-01-18","E. helvum","A","F","P","215",NA,7.5,6,2.01490302054226,1.79175946922805,0.0123559773635422,-0.0880881837301691
"5895182",NA,"Accra Zoo",2016-01-05 00:00:00,"2016-01-20","E. helvum","SA","M",NA,"125",NA,6,5,1.79175946922805,1.6094379124341,-0.00722356531597528,-0.0530395776950157
"1600691",NA,"Accra Zoo",2016-01-05 00:00:00,"2016-01-20","E. helvum","A","M",NA,"225",NA,7,7,1.94591014905531,1.94591014905531,0.0200538256425111,0.014981672732166
"1940184",NA,"Accra Zoo",2016-01-05 00:00:00,"2016-01-20","E. helvum","A","M",NA,"200",NA,5,7.5,1.6094379124341,2.01490302054226,-0.0394858712000728,0.0289292763627961
"3459901",NA,"Accra Zoo",2016-01-05 00:00:00,"2016-01-20","E. helvum","A","M",NA,"210",NA,6.5,7.5,1.87180217690159,2.01490302054226,0.00694021413043111,0.0289292763627961
"5895860",NA,"Accra Zoo",2016-01-05 00:00:00,"2016-01-20","E. helvum","A","M",NA,"230",NA,5.5,5.5,1.70474809223843,1.70474809223843,-0.0226204701537747,-0.0337716652103725
"5897532",NA,"Accra Zoo",2016-01-05 00:00:00,"2016-01-20","E. helvum","SA","M",NA,"80",NA,7.25,6.5,1.98100146886658,1.87180217690159,0.0262633321514278,0
"5898580",NA,"Accra Zoo",2016-01-05 00:00:00,"2016-01-18","E. helvum","SA","F","P","180",NA,4.75,7,1.55814461804655,1.94591014905531,-0.0694451762949507,-0.0545986105579897
"5896151",NA,"Accra Zoo",2016-01-05 00:00:00,"2016-01-20","E. helvum","SA","M",NA,"180",NA,7.25,7,1.98100146886658,1.94591014905531,0.0262633321514278,0.014981672732166
"5896605",NA,"Accra Zoo",2016-01-05 00:00:00,"2016-01-18","E. helvum","SA","F",NA,"150",NA,9.5,8,2.2512917986065,2.07944154167984,0.0546909944139553,-0.0255886227389727
"5904502",NA,"Accra Zoo",2016-01-05 00:00:00,"2016-01-20","E. helvum","A","M",NA,"180",NA,9.5,8,2.2512917986065,2.07944154167984,0.0740919567470234,0.0419763882213616
"5898663",NA,"Accra Zoo",2016-01-05 00:00:00,"2016-01-18","E. helvum","SA","F",NA,"150",NA,7,6.5,1.94591014905531,1.87180217690159,0,-0.0706987299922021
"3483529",NA,"Accra Zoo",2016-01-05 00:00:00,"2016-01-20","E. helvum","A","M",NA,"220",NA,7.5,6,2.01490302054226,1.79175946922805,0.0322623058840975,-0.0161814392717954
"1606353",NA,"Accra Zoo",2016-01-05 00:00:00,"2016-01-18","E. helvum","A","F","P","220",NA,12.75,5,2.54553127160443,1.6094379124341,0.107386529321656,-0.127697941688804
"1588106",NA,"Accra Zoo",2016-01-05 00:00:00,"2016-01-20","E. helvum","A","M",NA,"240",NA,9,6.5,2.19722457733622,1.87180217690159,0.064524611768195,0
"1924509",NA,"Accra Zoo",2016-01-05 00:00:00,"2016-01-18","E. helvum","A","F","P","280",NA,7.25,5,1.98100146886658,1.6094379124341,0.0062845268489351,-0.127697941688804
"1926479",NA,"Accra Zoo",2016-01-05 00:00:00,"2016-01-20","E. helvum","A","M",NA,"130",NA,6,6.75,1.79175946922805,1.90954250488444,-0.00722356531597528,0.0076295872928595
"1930890",NA,"Accra Zoo",2016-01-05 00:00:00,"2016-01-18","E. helvum","A","F","P","250",NA,6,6.5,1.79175946922805,1.87180217690159,-0.0276069435793882,-0.0706987299922021
"5908873",NA,"Accra Zoo",2016-01-05 00:00:00,"2016-01-18","E. helvum","A","F",NA,"200",NA,8,4.25,2.07944154167984,1.44691898293633,0.0239142222816877,-0.163005535449527
"1685961",NA,"Accra Zoo",2016-01-05 00:00:00,"2016-01-18","E. helvum","A","F","P","230",NA,6,7.25,1.79175946922805,1.98100146886658,-0.0276069435793882,-0.0469749443902842
"3589968",NA,"Accra Zoo",2016-01-05 00:00:00,"2016-01-20","E. helvum","A","M",NA,"210",NA,8,7,2.07944154167984,1.94591014905531,0.0436825764591272,0.014981672732166
"3471369",NA,"Accra Zoo",2016-01-05 00:00:00,"2016-01-18","E. helvum","A","F","P","250",NA,10,5.5,2.30258509299405,1.70474809223843,0.0638771432246183,-0.106991596156061
"1947745",NA,"Accra Zoo",2016-01-05 00:00:00,"2016-01-20","E. helvum","A","M",NA,"220",NA,10,6.5,2.30258509299405,1.87180217690159,0.0831684476592,0
"1930778",NA,"Accra Zoo",2016-01-05 00:00:00,"2016-01-18","E. helvum","A","F","NP","190",NA,5,4.75,1.6094379124341,1.55814461804655,-0.0602590274842877,-0.138841522356493
"5897731",NA,"Accra Zoo",2016-01-05 00:00:00,"2016-01-18","E. helvum","A","F","NP","220",NA,4,5,1.38629436111989,1.6094379124341,-0.100221948427218,-0.127697941688804
"5894900",NA,"Accra Zoo",2016-01-05 00:00:00,"2016-01-18","E. helvum","SA","F","P","140",NA,6.25,5,1.83258146374831,1.6094379124341,-0.0202961065413572,-0.127697941688804
"1940949",NA,"Accra Zoo",2016-01-05 00:00:00,"2016-01-18","E. helvum","A","F","NP","180",NA,12.5,3.25,2.52572864430826,1.17865499634165,0.103840064167549,-0.221286474713568
"1607828",NA,"Accra Zoo",2016-01-05 00:00:00,"2016-01-20","E. helvum","A","M",NA,"170",NA,7.5,6.5,2.01490302054226,1.87180217690159,0.0322623058840975,0
"1498793",NA,"Accra Zoo",2016-01-05 00:00:00,"2016-01-20","E. helvum","A","M",NA,"190",NA,9.25,6,2.22462355152433,1.79175946922805,0.0693729363531283,-0.0161814392717954
"5896006",NA,"Accra Zoo",2016-01-05 00:00:00,"2016-01-18","E. helvum","A","F","P","220",NA,8.5,6,2.14006616349627,1.79175946922805,0.0347715244738259,-0.0880881837301691
"3589588",NA,"Accra Zoo",2016-01-05 00:00:00,"2016-01-18","E. helvum","A","F","NP","190",NA,6.5,5.25,1.87180217690159,1.65822807660353,-0.0132720440047576,-0.117098171549186
"5896173",NA,"Accra Zoo",2016-01-05 00:00:00,"2016-01-18","E. helvum","SA","F","NP","180",NA,9.75,7,2.27726728500976,1.94591014905531,0.0593429608430724,-0.0545986105579897
"1605574",NA,"Accra Zoo",2016-01-05 00:00:00,"2016-01-18","E. helvum","A","F","NP","200",NA,6.5,3.75,1.87180217690159,1.32175583998232,-0.0132720440047576,-0.190197502680001
"5897884",NA,"Accra Zoo",2016-01-05 00:00:00,"2016-01-20","E. helvum","A","M",NA,"230",NA,9,7.75,2.19722457733622,2.04769284336526,0.064524611768195,0.0355580691930839
"3594197",NA,"Accra Zoo",2016-01-05 00:00:00,"2016-01-18","E. helvum","A","F","NP","190",NA,9,6.25,2.19722457733622,1.83258146374831,0.0450080612684418,-0.0792195159172708
"1952317",NA,"Accra Zoo",2016-01-05 00:00:00,"2016-01-18","E. helvum","A","F","NP","210",NA,4.5,7.5,1.50407739677627,2.01490302054226,-0.0791281094404642,-0.0396097579586354
"3465863",NA,"Accra Zoo",2016-01-05 00:00:00,"2016-01-18","E. helvum","A","F","NP","220",NA,7,6.5,1.94591014905531,1.87180217690159,0,-0.0706987299922021
"3487502",NA,"Accra Zoo",2016-01-05 00:00:00,"2016-01-18","E. helvum","A","F","NP","180",NA,7,7,1.94591014905531,1.94591014905531,0,-0.0545986105579897
"5896159",NA,"Accra Zoo",2016-01-05 00:00:00,"2016-01-18","E. helvum","SA","F","NP","200",NA,7.5,6,2.01490302054226,1.79175946922805,0.0123559773635422,-0.0880881837301691
"3586500",NA,"Accra Zoo",2016-01-05 00:00:00,"2016-01-20","E. helvum","A","M",NA,"180",NA,5,6.5,1.6094379124341,1.87180217690159,-0.0394858712000728,0
"5899133",NA,"Accra Zoo",2016-01-05 00:00:00,"2016-01-18","E. helvum","SA","F","NP","150",NA,4,9.5,1.38629436111989,2.2512917986065,-0.100221948427218,0.011746222364873
"1930890",NA,"Accra Zoo",2016-03-01 00:00:00,"2016-10-08","E. helvum",NA,NA,NA,NA,NA,9.25,9.25,2.22462355152433,2.22462355152433,0.0104486898460367,0.178074258481855
"3485524",NA,"Accra Zoo",2016-03-01 00:00:00,"2016-10-08","E. helvum",NA,NA,NA,NA,NA,9.5,10.5,2.2512917986065,2.35137525716348,0.0146783555945409,0.197871891407624
"1684438",NA,"Accra Zoo",2016-03-01 00:00:00,"2016-10-08","E. helvum",NA,NA,NA,NA,NA,9.75,12.5,2.27726728500976,2.52572864430826,0.0187981473754601,0.225104537632392
"1685961",NA,"Accra Zoo",2016-03-01 00:00:00,"2016-10-08","E. helvum",NA,NA,NA,NA,NA,11,9.5,2.39789527279837,2.2512917986065,0.0379301160679874,0.182239631751146
"1602857",NA,"Accra Zoo",2016-03-01 00:00:00,"2016-10-08","E. helvum",NA,NA,NA,NA,NA,58,11.75,4.06044301054642,2.46385324059017,0.301615284423502,0.215440079676837
"1591037",NA,"Accra Zoo",2016-03-01 00:00:00,"2016-10-08","E. helvum",NA,NA,NA,NA,NA,11.5,13.5,2.4423470353692,2.60268968544438,0.0449803018948716,0.237125255099783
"5899133",NA,"Accra Zoo",2016-03-01 00:00:00,"2016-10-08","E. helvum",NA,NA,NA,NA,NA,7.5,5.5,2.01490302054226,1.70474809223843,-0.0228136293427765,0.0968737455723114
"5896685",NA,"Accra Zoo",2016-03-01 00:00:00,"2016-10-08","E. helvum",NA,NA,NA,NA,NA,12,14.5,2.484906649788,2.67414864942653,0.0517303872237698,0.24828659080758
"5897597",NA,"Accra Zoo",2016-03-01 00:00:00,"2016-10-08","E. helvum",NA,NA,NA,NA,NA,8,5.5,2.07944154167984,1.70474809223843,-0.0125776220238965,0.0968737455723114
"5897249",NA,"Accra Zoo",2016-03-01 00:00:00,"2016-10-08","E. helvum",NA,NA,NA,NA,NA,2,8.5,0.693147180559945,2.14006616349627,-0.232448157890335,0.164867050571712
"1681760",NA,"Accra Zoo",2016-03-01 00:00:00,"2016-10-08","E. helvum",NA,NA,NA,NA,NA,7,2.5,1.94591014905531,0.916290731874155,-0.0337561102835097,-0.0262771762981392
"5896409",NA,"Accra Zoo",2016-03-01 00:00:00,"2016-10-08","E. helvum",NA,NA,NA,NA,NA,6.25,5,1.83258146374831,1.6094379124341,-0.0517303872237697,0.0819870350200524
"5897942",NA,"Accra Zoo",2016-03-01 00:00:00,"2016-10-08","E. helvum",NA,NA,NA,NA,NA,13,10.5,2.56494935746154,2.35137525716348,0.064425406061013,0.197871891407624
"5895894",NA,"Accra Zoo",2016-03-01 00:00:00,"2016-10-08","E. helvum",NA,NA,NA,NA,NA,6,4,1.79175946922805,1.38629436111989,-0.0582048807094495,0.0471337437259042
"3486907",NA,"Accra Zoo",2016-03-01 00:00:00,"2016-10-08","E. helvum",NA,NA,NA,NA,NA,5.75,8.5,1.74919985480926,2.14006616349627,-0.0649549660383476,0.164867050571712
"3491475",NA,"Accra Zoo",2016-03-01 00:00:00,"2016-10-08","E. helvum",NA,NA,NA,NA,NA,8.5,8,2.14006616349627,2.07944154167984,-0.00296237113683981,0.155397955044096
"3586500",NA,"Accra Zoo",2016-03-01 00:00:00,"2016-10-08","E. helvum",NA,NA,NA,NA,NA,4.5,4.5,1.50407739677627,1.50407739677627,-0.103832139395002,0.0655305399902987
"3459901",NA,"Accra Zoo",2016-03-01 00:00:00,"2016-10-08","E. helvum",NA,NA,NA,NA,NA,4,6,1.38629436111989,1.79175946922805,-0.122512889957116,0.110464247517197
"3465863",NA,"Accra Zoo",2016-03-01 00:00:00,"2016-10-08","E. helvum",NA,NA,NA,NA,NA,10,7.5,2.30258509299405,2.01490302054226,0.0228136293427765,0.145317538811346
"1606353",NA,"Accra Zoo",2016-03-01 00:00:00,"2016-10-08","E. helvum",NA,NA,NA,NA,NA,18.5,3.5,2.91777073208428,1.25276296849537,0.120383957779256,0.0262771762981392
"3486116",NA,"Accra Zoo",2016-03-01 00:00:00,"2016-10-08","E. helvum",NA,NA,NA,NA,NA,5.5,4.5,1.70474809223843,1.50407739677627,-0.0720051518652318,0.0655305399902987
"1682905",NA,"Accra Zoo",2016-03-01 00:00:00,"2016-10-08","E. helvum",NA,NA,NA,NA,NA,14,7.5,2.63905732961526,2.01490302054226,0.0761791576497095,0.145317538811346
"3485870",NA,"Accra Zoo",2016-03-01 00:00:00,"2016-10-08","E. helvum",NA,NA,NA,NA,NA,8,3,2.07944154167984,1.09861228866811,-0.0125776220238965,0.00220003619900567
"1933940",NA,"Accra Zoo",2016-03-01 00:00:00,"2016-10-08","E. helvum",NA,NA,NA,NA,NA,4,5.5,1.38629436111989,1.70474809223843,-0.122512889957116,0.0968737455723114
"1688229",NA,"Accra Zoo",2016-03-01 00:00:00,"2016-10-08","E. helvum",NA,NA,NA,NA,NA,8,9.5,2.07944154167984,2.2512917986065,-0.0125776220238965,0.182239631751146
"3467369",NA,"Accra Zoo",2016-03-01 00:00:00,"2016-10-08","E. helvum",NA,NA,NA,NA,NA,7.5,18.75,2.01490302054226,2.93119375241642,-0.0228136293427765,0.288435041423685
"5898478",NA,"Accra Zoo",2016-03-01 00:00:00,"2016-10-08","E. helvum",NA,NA,NA,NA,NA,9,5.5,2.19722457733622,1.70474809223843,0.00610312853821681,0.0968737455723114
"1947739",NA,"Accra Zoo",2016-03-01 00:00:00,"2016-10-08","E. helvum",NA,NA,NA,NA,NA,6.5,5,1.87180217690159,1.6094379124341,-0.0455098618722062,0.0819870350200524
"1926479",NA,"Accra Zoo",2016-03-01 00:00:00,"2016-10-08","E. helvum",NA,NA,NA,NA,NA,9.5,7.5,2.2512917986065,2.01490302054226,0.0146783555945409,0.145317538811346
"1934830",NA,"Accra Zoo",2016-03-01 00:00:00,"2016-10-08","E. helvum",NA,NA,NA,NA,NA,11.25,8.75,2.42036812865043,2.16905370036952,0.0414943799048898,0.169394678910479
"1679675",NA,"Accra Zoo",2016-03-01 00:00:00,"2016-10-08","E. helvum",NA,NA,NA,NA,NA,18.5,4.25,2.91777073208428,1.44691898293633,0.120383957779256,0.0566028392535204
"1593800",NA,"Accra Zoo",2016-03-01 00:00:00,"2016-10-08","E. helvum",NA,NA,NA,NA,NA,5,7,1.6094379124341,1.94591014905531,-0.0871216385904427,0.134541387616331
"5904502",NA,"Accra Zoo",2016-03-01 00:00:00,"2016-10-08","E. helvum",NA,NA,NA,NA,NA,13,9,2.56494935746154,2.19722457733622,0.064425406061013,0.17379475130849
"5907743",NA,"Accra Zoo",2016-03-01 00:00:00,"2016-10-08","E. helvum",NA,NA,NA,NA,NA,8,5.5,2.07944154167984,1.70474809223843,-0.0125776220238965,0.0968737455723114
"1947745",NA,"Accra Zoo",2016-03-01 00:00:00,"2016-10-08","E. helvum",NA,NA,NA,NA,NA,16.25,6.75,2.78809290877575,1.90954250488444,0.099816657427686,0.128861043781592
"3584751",NA,"Accra Zoo",2016-03-01 00:00:00,"2016-10-08","E. helvum",NA,NA,NA,NA,NA,6,5.5,1.79175946922805,1.70474809223843,-0.0582048807094495,0.0968737455723114
"5896950",NA,"Accra Zoo",2016-03-01 00:00:00,"2016-10-08","E. helvum",NA,NA,NA,NA,NA,6.75,5.75,1.90954250488444,1.74919985480926,-0.0395241301473362,0.103816765974626
"1952317",NA,"Accra Zoo",2016-03-01 00:00:00,"2016-10-08","E. helvum",NA,NA,NA,NA,NA,15.5,7,2.7408400239252,1.94591014905531,0.0923222050193738,0.134541387616331
"3581625",NA,"Accra Zoo",2016-03-01 00:00:00,"2016-10-08","E. helvum",NA,NA,NA,NA,NA,4.25,8.25,1.44691898293633,2.11021320034659,-0.112897639070059,0.160204249363604
"1481777",NA,"Accra Zoo",2016-03-01 00:00:00,"2016-10-08","E. helvum",NA,NA,NA,NA,NA,27,5,3.29583686600433,1.6094379124341,0.180346405719102,0.0819870350200524
"3582209",NA,"Accra Zoo",2016-03-01 00:00:00,"2016-10-08","E. helvum",NA,NA,NA,NA,NA,35,5.5,3.55534806148941,1.70474809223843,0.221505676949602,0.0968737455723114
"5896159",NA,"Accra Zoo",2016-03-01 00:00:00,"2016-10-08","E. helvum",NA,NA,NA,NA,NA,4.75,9.5,1.55814461804655,2.2512917986065,-0.0952569123386783,0.182239631751146
"1590832",NA,"Accra Zoo",2016-03-01 00:00:00,"2016-10-08","E. helvum",NA,NA,NA,NA,NA,7.75,7.5,2.04769284336526,2.01490302054226,-0.0176130629138454,0.145317538811346
"5897001",NA,"Accra Zoo",2016-03-01 00:00:00,"2016-10-08","E. helvum",NA,NA,NA,NA,NA,4.75,5.5,1.55814461804655,1.70474809223843,-0.0952569123386783,0.0968737455723114
"1498793",NA,"Accra Zoo",2016-03-01 00:00:00,"2016-10-08","E. helvum",NA,NA,NA,NA,NA,5.5,7,1.70474809223843,1.94591014905531,-0.0720051518652318,0.134541387616331
"5908873",NA,"Accra Zoo",2016-03-01 00:00:00,"2016-10-08","E. helvum",NA,NA,NA,NA,NA,6,6.5,1.79175946922805,1.87180217690159,-0.0582048807094495,0.122966297386386
"5897090",NA,"Accra Zoo",2016-03-01 00:00:00,"2016-10-08","E. helvum",NA,NA,NA,NA,NA,10,7,2.30258509299405,1.94591014905531,0.0228136293427765,0.134541387616331
"3581385",NA,"Accra Zoo",2016-03-01 00:00:00,"2016-10-08","E. helvum",NA,NA,NA,NA,NA,3.5,6.75,1.25276296849537,1.90954250488444,-0.143691378216729,0.128861043781592
"5897177",NA,"Accra Zoo",2016-03-01 00:00:00,"2016-10-08","E. helvum",NA,NA,NA,NA,NA,10,5.5,2.30258509299405,1.70474809223843,0.0228136293427765,0.0968737455723114
"3487502",NA,"Accra Zoo",2016-03-01 00:00:00,"2016-10-08","E. helvum",NA,NA,NA,NA,NA,5.75,6,1.74919985480926,1.79175946922805,-0.0649549660383476,0.110464247517197
"3591525",NA,"Accra Zoo",2016-03-01 00:00:00,"2016-10-08","E. helvum",NA,NA,NA,NA,NA,11.75,10,2.46385324059017,2.30258509299405,0.048391251978061,0.190251246338244
"5895543",NA,"Accra Zoo",2016-03-01 00:00:00,"2016-10-08","E. helvum",NA,NA,NA,NA,NA,12,11,2.484906649788,2.39789527279837,0.0517303872237698,0.205137956890503
"3450416",NA,"Accra Zoo",2016-03-01 00:00:00,"2016-10-08","E. helvum",NA,NA,NA,NA,NA,11,9.5,2.39789527279837,2.2512917986065,0.0379301160679874,0.182239631751146
"1937628",NA,"Accra Zoo",2016-03-01 00:00:00,"2016-10-08","E. helvum",NA,NA,NA,NA,NA,19,15,2.94443897916644,2.70805020110221,0.12461362352776,0.253581750129537
"1600691",NA,"Accra Zoo",2016-03-01 00:00:00,"2016-10-08","E. helvum",NA,NA,NA,NA,NA,18.25,26,2.9041650800285,3.25809653802148,0.118226059650103,0.339494720022769
"1924829",NA,"Accra Zoo",2016-03-01 00:00:00,"2016-10-08","E. helvum",NA,NA,NA,NA,NA,15.75,18.75,2.75684036527164,2.93119375241642,0.0948599082118228,0.288435041423685
"3463981",NA,"Accra Zoo",2016-03-01 00:00:00,"2016-10-08","E. helvum",NA,NA,NA,NA,NA,15,11.5,2.70805020110221,2.4423470353692,0.0871216385904428,0.212080977292818
"3591966",NA,"Accra Zoo",2016-03-01 00:00:00,"2016-10-08","E. helvum",NA,NA,NA,NA,NA,17,15.5,2.83321334405622,2.7408400239252,0.106972896796379,0.258703266030859
"1924509",NA,"Accra Zoo",2016-03-01 00:00:00,"2016-10-08","E. helvum",NA,NA,NA,NA,NA,16,13.5,2.77258872223978,2.60268968544438,0.0973576459093227,0.237125255099783
"5897200",NA,"Accra Zoo",2016-03-01 00:00:00,"2016-11-08","E. helvum",NA,NA,NA,NA,NA,12,8,2.484906649788,2.07944154167984,0.170869317687089,0.0547774180086795
"5897775",NA,"Accra Zoo",2016-03-01 00:00:00,"2016-11-08","E. helvum",NA,NA,NA,NA,NA,7,9.5,1.94591014905531,2.2512917986065,0.0961231937453554,0.087499350516825
"5897032",NA,"Accra Zoo",2016-03-01 00:00:00,"2016-11-08","E. helvum",NA,NA,NA,NA,NA,8.25,6,2.11021320034659,1.79175946922805,0.118908158432748,0
"5897731",NA,"Accra Zoo",2016-03-01 00:00:00,"2016-11-08","E. helvum",NA,NA,NA,NA,NA,6.5,5.5,1.87180217690159,1.70474809223843,0.0858461628849644,-0.0165677983624462
"5895564",NA,"Accra Zoo",2016-03-01 00:00:00,"2016-11-08","E. helvum",NA,NA,NA,NA,NA,9,6.5,2.19722457733622,1.87180217690159,0.130974587732321,0.0152408970757632
"1930778",NA,"Accra Zoo",2016-03-01 00:00:00,"2016-11-08","E. helvum",NA,NA,NA,NA,NA,8.25,5.5,2.11021320034659,1.70474809223843,0.118908158432748,-0.0165677983624462
"1591879",NA,"Accra Zoo",2016-03-01 00:00:00,"2016-11-08","E. helvum",NA,NA,NA,NA,NA,8.5,8.5,2.14006616349627,2.14006616349627,0.123048061531527,0.0663209258211574
"3555977",NA,"Accra Zoo",2016-03-01 00:00:00,"2016-11-08","E. helvum",NA,NA,NA,NA,NA,8.25,10.5,2.11021320034659,2.35137525716348,0.118908158432748,0.106556198232107
"5905675",NA,"Accra Zoo",2016-03-01 00:00:00,"2016-11-08","E. helvum",NA,NA,NA,NA,NA,9,6,2.19722457733622,1.79175946922805,0.130974587732321,0
"5896006",NA,"Accra Zoo",2016-03-01 00:00:00,"2016-11-08","E. helvum",NA,NA,NA,NA,NA,11.75,14.25,2.46385324059017,2.65675690671466,0.167949705535325,0.164703785000653
"5897617",NA,"Accra Zoo",2016-03-01 00:00:00,"2016-11-08","E. helvum",NA,NA,NA,NA,NA,8.25,11,2.11021320034659,2.39789527279837,0.118908158432748,0.115414054130061
"1925151",NA,"Accra Zoo",2016-03-01 00:00:00,"2016-11-08","E. helvum",NA,NA,NA,NA,NA,22.5,9,3.11351530921037,2.19722457733622,0.258042538114607,0.077204434483828
"5895653",NA,"Accra Zoo",2016-03-01 00:00:00,"2016-11-08","E. helvum",NA,NA,NA,NA,NA,12.75,7.75,2.54553127160443,2.04769284336526,0.179276525322114,0.0487321622025475
"5897203",NA,"Accra Zoo",2016-03-01 00:00:00,"2016-11-08","E. helvum",NA,NA,NA,NA,NA,12,5.75,2.484906649788,1.74919985480926,0.170869317687089,-0.00810375762882256
"3463362",NA,"Accra Zoo",2016-03-01 00:00:00,"2016-11-08","E. helvum",NA,NA,NA,NA,NA,10,7,2.30258509299405,1.94591014905531,0.145585610533433,0.0293517637482786
"3589968",NA,"Accra Zoo",2016-03-01 00:00:00,"2016-11-08","E. helvum",NA,NA,NA,NA,NA,10,7,2.30258509299405,1.94591014905531,0.145585610533433,0.0293517637482786
"3478656",NA,"Accra Zoo",2016-03-01 00:00:00,"2016-11-08","E. helvum",NA,NA,NA,NA,NA,12.75,7.25,2.54553127160443,1.98100146886658,0.179276525322114,0.036033486656474
"3461662",NA,"Accra Zoo",2016-03-01 00:00:00,"2016-11-08","E. helvum",NA,NA,NA,NA,NA,6.5,7.75,1.87180217690159,2.04769284336526,0.0858461628849644,0.0487321622025475
"5897532",NA,"Accra Zoo",2016-03-01 00:00:00,"2016-11-08","E. helvum",NA,NA,NA,NA,NA,14.5,9,2.67414864942653,2.19722457733622,0.197112727320982,0.077204434483828
"1589231",NA,"Accra Zoo",2016-03-01 00:00:00,"2016-11-08","E. helvum",NA,NA,NA,NA,NA,10,10.5,2.30258509299405,2.35137525716348,0.145585610533433,0.106556198232107
"5894939",NA,"Accra Zoo",2016-03-01 00:00:00,"2016-11-08","E. helvum",NA,NA,NA,NA,NA,7,7.75,1.94591014905531,2.04769284336526,0.0961231937453554,0.0487321622025475
"3483529",NA,"Accra Zoo",2016-03-01 00:00:00,"2016-11-08","E. helvum",NA,NA,NA,NA,NA,15,9.25,2.70805020110221,2.22462355152433,0.20181407432402,0.0824214612151788
"3594197",NA,"Accra Zoo",2016-03-01 00:00:00,"2016-11-08","E. helvum",NA,NA,NA,NA,NA,20,5.25,2.99573227355399,1.65822807660353,0.241708804278788,-0.0254256542604009
"5898337",NA,"Accra Zoo",2016-03-01 00:00:00,"2016-11-08","E. helvum",NA,NA,NA,NA,NA,9.75,8,2.27726728500976,2.07944154167984,0.142074626675552,0.0547774180086795
"1951534",NA,"Accra Zoo",2016-03-01 00:00:00,"2016-11-08","E. helvum",NA,NA,NA,NA,NA,10.25,10,2.32727770558442,2.30258509299405,0.149009894510446,0.0972660843412974
"5894900",NA,"Accra Zoo",2016-03-01 00:00:00,"2016-11-08","E. helvum",NA,NA,NA,NA,NA,8,7.75,2.07944154167984,2.04769284336526,0.114640853896501,0.0487321622025475
"5898735",NA,"Accra Zoo",2016-03-01 00:00:00,"2016-11-08","E. helvum",NA,NA,NA,NA,NA,6,7.5,1.79175946922805,2.01490302054226,0.0747461239417333,0.0424886663326178
"5898011",NA,"Accra Zoo",2016-03-01 00:00:00,"2016-11-08","E. helvum",NA,NA,NA,NA,NA,7.5,8.5,2.01490302054226,2.14006616349627,0.105690880578664,0.0663209258211574
"5897122",NA,"Accra Zoo",2016-03-01 00:00:00,"2016-11-08","E. helvum",NA,NA,NA,NA,NA,8.5,6.25,2.14006616349627,1.83258146374831,0.123048061531527,0.0077728981814077
"3589588",NA,"Accra Zoo",2016-03-01 00:00:00,"2016-11-08","E. helvum",NA,NA,NA,NA,NA,8,9,2.07944154167984,2.19722457733622,0.114640853896501,0.077204434483828
"1940949",NA,"Accra Zoo",2016-03-01 00:00:00,"2016-11-08","E. helvum",NA,NA,NA,NA,NA,7.5,9.5,2.01490302054226,2.2512917986065,0.105690880578664,0.087499350516825
"1607615",NA,"Accra Zoo",2016-03-01 00:00:00,"2016-11-08","E. helvum",NA,NA,NA,NA,NA,10.5,9,2.35137525716348,2.19722457733622,0.152351657535943,0.077204434483828
"5896047",NA,"Accra Zoo",2016-03-01 00:00:00,"2016-11-08","E. helvum",NA,NA,NA,NA,NA,7,8,1.94591014905531,2.07944154167984,0.0961231937453554,0.0547774180086795
"3586422",NA,"Accra Zoo",2016-03-01 00:00:00,"2016-11-08","E. helvum",NA,NA,NA,NA,NA,11,9.5,2.39789527279837,2.2512917986065,0.158802888387517,0.087499350516825
"5897426",NA,"Accra Zoo",2016-03-01 00:00:00,"2016-11-08","E. helvum",NA,NA,NA,NA,NA,9.75,7.5,2.27726728500976,2.01490302054226,0.142074626675552,0.0424886663326178
"5898050",NA,"Accra Zoo",2016-03-01 00:00:00,"2016-11-08","E. helvum",NA,NA,NA,NA,NA,8,9,2.07944154167984,2.19722457733622,0.114640853896501,0.077204434483828
"3470474",NA,"Accra Zoo",2016-03-01 00:00:00,"2016-11-08","E. helvum",NA,NA,NA,NA,NA,13.75,8.5,2.62103882411258,2.14006616349627,0.189747645024448,0.0663209258211574
"1940184",NA,"Accra Zoo",2016-03-01 00:00:00,"2016-11-08","E. helvum",NA,NA,NA,NA,NA,10,6.5,2.30258509299405,1.87180217690159,0.145585610533433,0.0152408970757632
"3470082",NA,"Accra Zoo",2016-03-01 00:00:00,"2016-11-08","E. helvum",NA,NA,NA,NA,NA,7.5,4.75,2.01490302054226,1.55814461804655,0.105690880578664,-0.0444825019756824
"5898663",NA,"Accra Zoo",2016-03-01 00:00:00,"2016-11-08","E. helvum",NA,NA,NA,NA,NA,8.5,8.5,2.14006616349627,2.14006616349627,0.123048061531527,0.0663209258211574
"3584766",NA,"Accra Zoo",2016-03-01 00:00:00,"2016-11-08","E. helvum",NA,NA,NA,NA,NA,13.5,7,2.60268968544438,1.94591014905531,0.187203051522908,0.0293517637482786
"5895182",NA,"Accra Zoo",2016-03-01 00:00:00,"2016-11-08","E. helvum",NA,NA,NA,NA,NA,5.5,6,1.70474809223843,1.79175946922805,0.0626796946421612,0
"1605574",NA,"Accra Zoo",2016-03-01 00:00:00,"2016-11-08","E. helvum",NA,NA,NA,NA,NA,9.75,7.75,2.27726728500976,2.04769284336526,0.142074626675552,0.0487321622025475
"5895860",NA,"Accra Zoo",2016-03-01 00:00:00,"2016-11-08","E. helvum",NA,NA,NA,NA,NA,6,5.5,1.79175946922805,1.70474809223843,0.0747461239417333,-0.0165677983624462
"5895437",NA,"Accra Zoo",2016-03-01 00:00:00,"2016-11-08","E. helvum",NA,NA,NA,NA,NA,6,6,1.79175946922805,1.79175946922805,0.0747461239417333,0
"3585649",NA,"Accra Zoo",2016-03-01 00:00:00,"2016-11-08","E. helvum",NA,NA,NA,NA,NA,5.5,6.5,1.70474809223843,1.87180217690159,0.0626796946421612,0.0152408970757632
"1607828",NA,"Accra Zoo",2016-03-01 00:00:00,"2016-11-08","E. helvum",NA,NA,NA,NA,NA,5.5,4.5,1.70474809223843,1.50407739677627,0.0626796946421612,-0.0547774180086795
"3484617",NA,"Accra Zoo",2016-03-01 00:00:00,"2016-11-08","E. helvum",NA,NA,NA,NA,NA,6.5,8,1.87180217690159,2.07944154167984,0.0858461628849644,0.0547774180086795
"5898394",NA,"Accra Zoo",2016-03-01 00:00:00,"2016-11-08","E. helvum",NA,NA,NA,NA,NA,9,5.5,2.19722457733622,1.70474809223843,0.130974587732321,-0.0165677983624462
"5897729",NA,"Accra Zoo",2016-03-01 00:00:00,"2016-11-08","E. helvum",NA,NA,NA,NA,NA,4.25,6.5,1.44691898293633,1.87180217690159,0.0269248677861716,0.0152408970757632
"3582870",NA,"Accra Zoo",2016-03-01 00:00:00,"2016-11-08","E. helvum",NA,NA,NA,NA,NA,14,5.5,2.63905732961526,1.70474809223843,0.192246387490711,-0.0165677983624462
"5898550",NA,"Accra Zoo",2016-03-01 00:00:00,"2016-11-08","E. helvum",NA,NA,NA,NA,NA,21.75,8.5,3.07961375753469,2.14006616349627,0.253341191111569,0.0663209258211574
"5897965",NA,"Accra Zoo",2016-03-01 00:00:00,"2016-11-08","E. helvum",NA,NA,NA,NA,NA,8.5,5.5,2.14006616349627,1.70474809223843,0.123048061531527,-0.0165677983624462
"3444640",NA,"Accra Zoo",2016-03-01 00:00:00,"2016-11-08","E. helvum",NA,NA,NA,NA,NA,7,7,1.94591014905531,1.94591014905531,0.0961231937453554,0.0293517637482786
"5897475",NA,"Accra Zoo",2016-03-01 00:00:00,"2016-11-08","E. helvum",NA,NA,NA,NA,NA,10.5,6,2.35137525716348,1.79175946922805,0.152351657535943,0
"5899054",NA,"Accra Zoo",2016-03-01 00:00:00,"2016-11-08","E. helvum",NA,NA,NA,NA,NA,14.25,5.5,2.65675690671466,1.70474809223843,0.194700902096631,-0.0165677983624462
"5896939",NA,"Accra Zoo",2016-03-01 00:00:00,"2016-11-08","E. helvum",NA,NA,NA,NA,NA,6,8.5,1.79175946922805,2.14006616349627,0.0747461239417333,0.0663209258211574
"5899288",NA,"Accra Zoo",2016-03-01 00:00:00,"2016-11-08","E. helvum",NA,NA,NA,NA,NA,6,7,1.79175946922805,1.94591014905531,0.0747461239417333,0.0293517637482786
"5897013",NA,"Accra Zoo",2016-03-01 00:00:00,"2016-11-08","E. helvum",NA,NA,NA,NA,NA,6.25,8,1.83258146374831,2.07944154167984,0.0804071734250082,0.0547774180086795
"5896540",NA,"Accra Zoo",2016-03-01 00:00:00,"2016-11-08","E. helvum",NA,NA,NA,NA,NA,7.5,5,2.01490302054226,1.6094379124341,0.105690880578664,-0.0347157681512101
"3471369",NA,"Accra Zoo",2016-03-01 00:00:00,"2016-11-08","E. helvum",NA,NA,NA,NA,NA,21.5,8.5,3.06805293513362,2.14006616349627,0.251737977244903,0.0663209258211574
"3476475",NA,"Accra Zoo",2016-03-01 00:00:00,"2016-11-08","E. helvum",NA,NA,NA,NA,NA,6,6.25,1.79175946922805,1.83258146374831,0.0747461239417333,0.0077728981814077
"5904934",NA,"Accra Zoo",2016-03-01 00:00:00,"2016-11-08","E. helvum",NA,NA,NA,NA,NA,5,6,1.6094379124341,1.79175946922805,0.0494624167880771,0
"1598029",NA,"Accra Zoo",2016-03-01 00:00:00,"2016-11-08","E. helvum",NA,NA,NA,NA,NA,39.5,6.25,3.67630067190708,1.83258146374831,0.336087617100349,0.0077728981814077
"3460556",NA,"Accra Zoo",2016-03-01 00:00:00,"2016-11-08","E. helvum",NA,NA,NA,NA,NA,5,9.5,1.6094379124341,2.2512917986065,0.0494624167880771,0.087499350516825
"1589231","9231","Accra Zoo",2016-03-08 00:00:00,"2016-06-09","E. helvum",NA,"F",NA,NA,NA,11.5,8.75,2.4423470353692,2.16905370036952,0.0656971219820573,0.0180725626055308
"1591037","1037","Accra Zoo",2016-03-08 00:00:00,"2016-06-09","E. helvum",NA,"F",NA,NA,NA,10,10,2.30258509299405,2.30258509299405,0.0442160459623415,0.045002551663903
"1685961","5961","Accra Zoo",2016-03-08 00:00:00,"2016-06-09","E. helvum",NA,"F",NA,NA,NA,9.25,6.75,2.22462355152433,1.90954250488444,0.0322335436411461,-0.0342644460751904
"3465863","5863","Accra Zoo",2016-03-08 00:00:00,"2016-06-09","E. helvum",NA,"F",NA,NA,NA,12.25,9,2.50552593699074,2.19722457733622,0.0754075679411677,0.0237539338064671
"3471369","1369","Accra Zoo",2016-03-08 00:00:00,"2016-06-09","E. helvum",NA,"F",NA,NA,NA,17.5,8.5,2.86220088092947,2.14006616349627,0.130227653115067,0.0122264912399687
"1930890","890","Accra Zoo",2016-03-08 00:00:00,"2016-06-09","E. helvum",NA,"F",NA,NA,NA,12,9,2.484906649788,2.19722457733622,0.072238432850834,0.0237539338064671
"1684438","4438","Accra Zoo",2016-03-08 00:00:00,"2016-06-09","E. helvum",NA,"F",NA,NA,NA,8.83333333333333,8,2.17853244432407,2.07944154167984,0.0251494507845646,0
"5894900","4900","Accra Zoo",2016-03-08 00:00:00,"2016-06-09","E. helvum",NA,"M",NA,NA,NA,9,6,2.19722457733622,1.79175946922805,0.0280223868884926,-0.0580183798816574
"5896006","6006","Accra Zoo",2016-03-08 00:00:00,"2016-06-09","E. helvum",NA,"F",NA,NA,NA,12.5,5.75,2.52572864430826,1.74919985480926,0.0785126757002371,-0.0666016046058204
"3467369","7369","Accra Zoo",2016-03-08 00:00:00,"2016-06-09","E. helvum",NA,"F",NA,NA,NA,8,12.5,2.07944154167984,2.52572864430826,0.00991941622444579,0.090005103327806
"3491475","1475","Accra Zoo",2016-03-08 00:00:00,"2016-06-09","E. helvum",NA,"F",NA,NA,NA,6.25,5,1.83258146374831,1.6094379124341,-0.0280223868884925,-0.094788141905879
"1591879","1879","Accra Zoo",2016-03-08 00:00:00,"2016-06-09","E. helvum",NA,"F",NA,NA,NA,5.5,10.25,1.70474809223843,2.32727770558442,-0.0476700701175179,0.0499824427128278
"3463981","3981","Accra Zoo",2016-03-08 00:00:00,"2016-06-09","E. helvum",NA,"F",NA,NA,NA,7,7.5,1.94591014905531,2.01490302054226,-0.010604039211558,-0.0130158282177545
"3444640","4640","Accra Zoo",2016-03-08 00:00:00,"2016-06-09","E. helvum",NA,"F",NA,NA,NA,6,8.25,1.79175946922805,2.11021320034659,-0.0342966297378956,0.00620588473553789
"3478656","8656","Accra Zoo",2016-03-08 00:00:00,"2016-06-09","E. helvum",NA,"F",NA,NA,NA,8.75,6,2.16905370036952,1.79175946922805,0.0236925905263376,-0.0580183798816574
"1593800","3800","Accra Zoo",2016-03-08 00:00:00,"2016-06-09","E. helvum",NA,"F",NA,NA,NA,11,5,2.39789527279837,1.6094379124341,0.0588649924712116,-0.094788141905879
"1591037","1037","Accra Zoo",2016-03-15 00:00:00,"2016-06-09","E. helvum",NA,"F",NA,"240",NA,10.5,7.5,2.35137525716348,2.01490302054226,0.0517149774148301,-0.0130158282177545
"3465863","5863","Accra Zoo",2016-03-15 00:00:00,"2016-06-09","E. helvum",NA,"F",NA,"205",NA,9.75,4.5,2.27726728500976,1.50407739677627,0.0403247594738978,-0.116036759763315
"1685961","5961","Accra Zoo",2016-03-15 00:00:00,"2016-06-09","E. helvum",NA,"F",NA,"235",NA,9.5,7.25,2.2512917986065,1.98100146886658,0.0363323893866263,-0.0198529351912069
"1589231","9231","Accra Zoo",2016-03-15 00:00:00,"2016-06-09","E. helvum",NA,"F",NA,"205",NA,3.5,7,1.25276296849537,1.94591014905531,-0.117139101800288,-0.0269299890583722
"3471369","1369","Accra Zoo",2016-03-15 00:00:00,"2016-06-09","E. helvum",NA,"F",NA,"280",NA,14.25,5.25,2.65675690671466,1.65822807660353,0.0986514060130144,-0.0849483689400297
"1930890","890","Accra Zoo",2016-03-15 00:00:00,"2016-06-09","E. helvum",NA,"F",NA,"230",NA,7.5,5.5,2.01490302054226,1.70474809223843,0,-0.0755664289525866
"5894900","4900","Accra Zoo",2016-03-15 00:00:00,"2016-06-09","E. helvum",NA,"M",NA,"155",NA,5.5,6,1.70474809223843,1.79175946922805,-0.0476700701175179,-0.0580183798816574
"1684438","4438","Accra Zoo",2016-03-15 00:00:00,"2016-06-09","E. helvum",NA,"F",NA,"210",NA,6.5,6.5,1.87180217690159,1.87180217690159,-0.0219942571524904,-0.0418757395670161
"5896006","6006","Accra Zoo",2016-03-15 00:00:00,"2016-06-09","E. helvum",NA,"F",NA,"220",NA,3,7,1.09861228866811,1.94591014905531,-0.140831692326625,-0.0269299890583722
"1591879","1879","Accra Zoo",2016-03-15 00:00:00,"2016-06-09","E. helvum",NA,"F",NA,"130",NA,6,6.75,1.79175946922805,1.90954250488444,-0.0342966297378956,-0.0342644460751904
"3467369","7369","Accra Zoo",2016-03-15 00:00:00,"2016-06-09","E. helvum",NA,"F",NA,"190",NA,7.75,10.5,2.04769284336526,2.35137525716348,0.00503971728471681,0.0548423246297523
"3491475","1475","Accra Zoo",2016-03-15 00:00:00,"2016-06-09","E. helvum",NA,"F",NA,"195",NA,8.5,6.5,2.14006616349627,1.87180217690159,0.0192372754912388,-0.0418757395670161
"3463981","3981","Accra Zoo",2016-03-15 00:00:00,"2016-06-09","E. helvum",NA,"F",NA,"220",NA,6,3.5,1.79175946922805,1.25276296849537,-0.0342966297378956,-0.166720682628154
"3444640","4640","Accra Zoo",2016-03-15 00:00:00,"2016-06-09","E. helvum",NA,"F",NA,"170",NA,8,7.25,2.07944154167984,1.98100146886658,0.00991941622444579,-0.0198529351912069
"3478656","8656","Accra Zoo",2016-03-15 00:00:00,"2016-06-09","E. helvum",NA,"F",NA,"170",NA,9,7.5,2.19722457733622,2.01490302054226,0.0280223868884926,-0.0130158282177545
"1593800","3800","Accra Zoo",2016-03-15 00:00:00,"2016-06-09","E. helvum",NA,"F",NA,"235",NA,8.25,8.5,2.11021320034659,2.14006616349627,0.0146489465088702,0.0122264912399687
"3465863","6563","Accra Zoo",2016-03-22 00:00:00,"2016-09-06","E. helvum",NA,"F",NA,"210",NA,10,9.25,2.30258509299405,2.22462355152433,0.0442160459623415,0.0292796312517961
"1685961","5961","Accra Zoo",2016-03-22 00:00:00,"2016-09-06","E. helvum",NA,"F",NA,"225",NA,9.75,8.75,2.27726728500976,2.16905370036952,0.0403247594738978,0.0180725626055308
"1591037","1037","Accra Zoo",2016-03-22 00:00:00,"2016-09-06","E. helvum",NA,"F",NA,"240",NA,11.25,11.5,2.42036812865043,2.4423470353692,0.0623190166263882,0.0731890889639616
"1589231","9231","Accra Zoo",2016-03-22 00:00:00,"2016-09-06","E. helvum",NA,"F",NA,"200",NA,11.75,7.75,2.46385324059017,2.04769284336526,0.0690025742489346,-0.00640292953907373
"1930890","890","Accra Zoo",2016-03-22 00:00:00,"2016-09-06","E. helvum",NA,"F",NA,"235",NA,11,8.5,2.39789527279837,2.14006616349627,0.0588649924712116,0.0122264912399687
"5894900","4900","Accra Zoo",2016-03-22 00:00:00,"2016-09-06","E. helvum",NA,"M",NA,"160",NA,9,9.5,2.19722457733622,2.2512917986065,0.0280223868884926,0.0346579590593103
"3471369","1369","Accra Zoo",2016-03-22 00:00:00,"2016-09-06","E. helvum",NA,"F",NA,"285",NA,20,7.5,2.99573227355399,2.01490302054226,0.150751108551071,-0.0130158282177545
"1684438","4438","Accra Zoo",2016-03-22 00:00:00,"2016-09-06","E. helvum",NA,"F",NA,"210",NA,9,8.25,2.19722457733622,2.11021320034659,0.0280223868884926,0.00620588473553789
"1591879","1879","Accra Zoo",2016-03-22 00:00:00,"2016-09-06","E. helvum",NA,"F",NA,"140",NA,8,5.5,2.07944154167984,1.70474809223843,0.00991941622444579,-0.0755664289525866
"5896006","6006","Accra Zoo",2016-03-22 00:00:00,"2016-09-06","E. helvum",NA,"F",NA,"220",NA,8.5,7,2.14006616349627,1.94591014905531,0.0192372754912388,-0.0269299890583722
"3491475","1475","Accra Zoo",2016-03-22 00:00:00,"2016-09-06","E. helvum",NA,"F",NA,"195",NA,15.5,7,2.7408400239252,1.94591014905531,0.111574779873446,-0.0269299890583722
"3467369","7369","Accra Zoo",2016-03-22 00:00:00,"2016-09-06","E. helvum",NA,"F",NA,"200",NA,10,14.5,2.30258509299405,2.67414864942653,0.0442160459623415,0.119937758378575
"1593800","3800","Accra Zoo",2016-03-22 00:00:00,"2016-09-06","E. helvum",NA,"F",NA,"230",NA,12.25,7,2.50552593699074,1.94591014905531,0.0754075679411677,-0.0269299890583722
"3478656","8656","Accra Zoo",2016-03-22 00:00:00,"2016-09-06","E. helvum",NA,"F",NA,"165",NA,12.5,4.75,2.52572864430826,1.55814461804655,0.0785126757002371,-0.105132734510472
"3444640","4640","Accra Zoo",2016-03-22 00:00:00,"2016-09-06","E. helvum",NA,"F",NA,"175",NA,7.5,8.25,2.01490302054226,2.11021320034659,0,0.00620588473553789
"3463981","3981","Accra Zoo",2016-03-22 00:00:00,"2016-09-06","E. helvum",NA,"F",NA,"230",NA,10,6.5,2.30258509299405,1.87180217690159,0.0442160459623415,-0.0418757395670161
"1591037","1037","Accra Zoo",2016-03-29 00:00:00,"2016-09-06","E. helvum",NA,"F",NA,"250",NA,10.75,13,2.37490575457367,2.56494935746154,0.0553315585460032,0.0979149540027659
"1685961","5961","Accra Zoo",2016-03-29 00:00:00,"2016-09-06","E. helvum",NA,"F",NA,"230",NA,7.75,8.5,2.04769284336526,2.14006616349627,0.00503971728471681,0.0122264912399687
"1589231","9231","Accra Zoo",2016-03-29 00:00:00,"2016-09-06","E. helvum",NA,"F",NA,"205",NA,12,7.5,2.484906649788,2.01490302054226,0.072238432850834,-0.0130158282177545
"3465863","5863","Accra Zoo",2016-03-29 00:00:00,"2016-09-06","E. helvum",NA,"F",NA,"210",NA,10.5,9.5,2.35137525716348,2.2512917986065,0.0517149774148301,0.0346579590593103
"1930890","890","Accra Zoo",2016-03-29 00:00:00,"2016-09-06","E. helvum",NA,"F",NA,"240",NA,9,5.75,2.19722457733622,1.74919985480926,0.0280223868884926,-0.0666016046058204
"1684438","4438","Accra Zoo",2016-03-29 00:00:00,"2016-09-06","E. helvum",NA,"F",NA,"220",NA,7,7.75,1.94591014905531,2.04769284336526,-0.010604039211558,-0.00640292953907373
"5894900","4900","Accra Zoo",2016-03-29 00:00:00,"2016-09-06","E. helvum",NA,"M",NA,"160",NA,6.5,8,1.87180217690159,2.07944154167984,-0.0219942571524904,0
"3471369","1369","Accra Zoo",2016-03-29 00:00:00,"2016-09-06","E. helvum",NA,"F",NA,"290",NA,22.5,4.5,3.11351530921037,1.50407739677627,0.168854079215118,-0.116036759763315
"3491475","1475","Accra Zoo",2016-03-29 00:00:00,"2016-09-06","E. helvum",NA,"F",NA,"205",NA,8,4.5,2.07944154167984,1.50407739677627,0.00991941622444579,-0.116036759763315
"3467369","7369","Accra Zoo",2016-03-29 00:00:00,"2016-09-06","E. helvum",NA,"F",NA,"260",NA,5.5,17.25,1.70474809223843,2.84781214347737,-0.0476700701175179,0.154961402652086
"5896006","6006","Accra Zoo",2016-03-29 00:00:00,"2016-09-06","E. helvum",NA,"F",NA,"205",NA,11,6.75,2.39789527279837,1.90954250488444,0.0588649924712116,-0.0342644460751904
"1591879","1879","Accra Zoo",2016-03-29 00:00:00,"2016-09-06","E. helvum",NA,"F",NA,"140",NA,8,7,2.07944154167984,1.94591014905531,0.00991941622444579,-0.0269299890583722
"1593800","3800","Accra Zoo",2016-03-29 00:00:00,"2016-09-06","E. helvum",NA,"F",NA,"240",NA,13,7.5,2.56494935746154,2.01490302054226,0.0845408054362392,-0.0130158282177545
"3444640","4640","Accra Zoo",2016-03-29 00:00:00,"2016-09-06","E. helvum",NA,"F",NA,"170",NA,8,9.5,2.07944154167984,2.2512917986065,0.00991941622444579,0.0346579590593103
"3478656","8656","Accra Zoo",2016-03-29 00:00:00,"2016-09-06","E. helvum",NA,"F",NA,"165",NA,9.5,8,2.2512917986065,2.07944154167984,0.0363323893866263,0
"3463981","3981","Accra Zoo",2016-03-29 00:00:00,"2016-09-06","E. helvum",NA,"F",NA,"230",NA,9,8,2.19722457733622,2.07944154167984,0.0280223868884926,0
"1589231","9231","Accra Zoo",2016-04-05 00:00:00,"2016-09-06","E. helvum",NA,"F",NA,"210",NA,10.5,7.5,2.35137525716348,2.01490302054226,0.0945760212719905,-0.0376644406543834
"1591037","1037","Accra Zoo",2016-04-05 00:00:00,"2016-09-06","E. helvum",NA,"F",NA,"245",NA,12.5,12,2.52572864430826,2.484906649788,0.124042040649826,0.0594300780210834
"1685961","5961","Accra Zoo",2016-04-05 00:00:00,"2016-09-06","E. helvum",NA,"F",NA,"235",NA,9.5,8.5,2.2512917986065,2.14006616349627,0.07766174631849,-0.0118079272897302
"3465863","5863","Accra Zoo",2016-04-05 00:00:00,"2016-09-06","E. helvum",NA,"F",NA,"215",NA,8.75,6.5,2.16905370036952,1.87180217690159,0.0637633676524374,-0.0672265688397383
"1930890","890","Accra Zoo",2016-04-05 00:00:00,"2016-09-06","E. helvum",NA,"F",NA,"245",NA,11.5,7,2.4423470353692,1.94591014905531,0.10995040672755,-0.0519171596383075
"5894900","4900","Accra Zoo",2016-04-05 00:00:00,"2016-09-06","E. helvum",NA,"M",NA,"165",NA,24.5,36.5,3.19867311755068,3.59731226058845,0.237770802754709,0.289233595763895
"1684438","4438","Accra Zoo",2016-04-05 00:00:00,"2016-09-06","E. helvum",NA,"F",NA,"215",NA,11,7.5,2.39789527279837,2.01490302054226,0.102437983144958,-0.0376644406543834
"3471369","1369","Accra Zoo",2016-04-05 00:00:00,"2016-09-06","E. helvum",NA,"F","P","295",NA,23.5,8.5,3.15700042115011,2.14006616349627,0.230728046088065,-0.0118079272897302
"3467369","7369","Accra Zoo",2016-04-05 00:00:00,"2016-09-06","E. helvum",NA,"F",NA,"220",NA,8.75,15,2.16905370036952,2.70805020110221,0.0637633676524374,0.105527627831831
"3491475","1475","Accra Zoo",2016-04-05 00:00:00,"2016-09-06","E. helvum",NA,"F",NA,"210",NA,14,8.25,2.63905732961526,2.11021320034659,0.143194781482718,-0.0179750266644869
"1591879","1879","Accra Zoo",2016-04-05 00:00:00,"2016-09-06","E. helvum",NA,"F",NA,"140",NA,6.75,7.5,1.90954250488444,2.01490302054226,0.0199055336283743,-0.0376644406543834
"5896006","6006","Accra Zoo",2016-04-05 00:00:00,"2016-09-06","E. helvum",NA,"F",NA,"230",NA,12.75,8,2.54553127160443,2.07944154167984,0.127388718389771,-0.0243319124440478
"3478656","8656","Accra Zoo",2016-04-05 00:00:00,"2016-09-06","E. helvum",NA,"F",NA,"175",NA,7.25,8.5,1.98100146886658,2.14006616349627,0.0319822202468541,-0.0118079272897302
"3463981","3981","Accra Zoo",2016-04-05 00:00:00,"2016-09-06","E. helvum",NA,"F",NA,"240",NA,14.75,8,2.69124308278583,2.07944154167984,0.152014262648829,-0.0243319124440478
"1593800","3800","Accra Zoo",2016-04-05 00:00:00,"2016-09-06","E. helvum",NA,"F",NA,"250",NA,12,7.5,2.484906649788,2.01490302054226,0.11714305404983,-0.0376644406543834
"3444640","4640","Accra Zoo",2016-04-05 00:00:00,"2016-09-06","E. helvum",NA,"F",NA,"185",NA,6.5,7,1.87180217690159,1.94591014905531,0.0135273539217476,-0.0519171596383075
"1602857","2857","Accra Zoo",2016-04-07 00:00:00,"2016-12-08","E. helvum","A","F","P","255",NA,57,8,4.04305126783455,2.07944154167984,0.324511471477364,0.0544836693446771
"5894939","4939","Accra Zoo",2016-04-07 00:00:00,"2016-12-08","E. helvum","SA","F","NRS","230",NA,6.5,7.25,1.87180217690159,1.98100146886658,-0.00563418195391027,0.0377205687606316
"3584751","4751","Accra Zoo",2016-04-07 00:00:00,"2016-12-08","E. helvum","A","F","NRS","210",NA,8.75,8,2.16905370036952,2.07944154167984,0.0395639018857445,0.0544836693446771
"5898011","8011","Accra Zoo",2016-04-07 00:00:00,"2016-12-08","E. helvum","SA","F","NRS","140",NA,9,5,2.19722457733622,1.6094379124341,0.04384737752322,-0.025552010097161
"5896939","6939","Accra Zoo",2016-04-07 00:00:00,"2016-12-08","E. helvum","A","M","NRS","190",NA,8,4.5,2.07944154167984,1.50407739677627,0.0259380747940765,-0.0434935746560331
"5897532","7532","Accra Zoo",2016-04-07 00:00:00,"2016-12-08","E. helvum","SA","M","NRS","95",NA,12.5,8,2.52572864430826,2.07944154167984,0.0937975146577449,0.0544836693446771
"5897729","7729","Accra Zoo",2016-04-07 00:00:00,"2016-12-08","E. helvum","SA","M","NRS","185",NA,10,8,2.30258509299405,2.07944154167984,0.0598677947259107,0.0544836693446771
"3591966","1966","Accra Zoo",2016-04-07 00:00:00,"2016-12-08","E. helvum","A","M","NRS","210",NA,11.75,7,2.46385324059017,1.94591014905531,0.0843891535087925,0.0317449603847707
"5898478","8478","Accra Zoo",2016-04-07 00:00:00,"2016-12-08","E. helvum","SA","F","NRS","145",NA,6.75,5.5,1.90954250488444,1.70474809223843,0.000104360571974621,-0.00932189074551964
"5895182","5182","Accra Zoo",2016-04-07 00:00:00,"2016-12-08","E. helvum","SA","M","NRS","140",NA,8.25,4.75,2.11021320034659,1.55814461804655,0.0306170079483256,-0.0342866100271786
"3589588","9588","Accra Zoo",2016-04-07 00:00:00,"2016-12-08","E. helvum","SA","F","NRS","200",NA,10.5,6,2.35137525716348,1.79175946922805,0.0672865016342991,0.00549504734432197
"5895894","5894","Accra Zoo",2016-04-07 00:00:00,"2016-12-08","E. helvum","SA","M","NRS","180",NA,9,6.5,2.19722457733622,1.87180217690159,0.04384737752322,0.0191253091005912
"5905675","5675","Accra Zoo",2016-04-07 00:00:00,"2016-12-08","E. helvum","SA","F","NRS","165",NA,7,6.5,1.94591014905531,1.87180217690159,0.00563418195391031,0.0191253091005912
"3485870","5870","Accra Zoo",2016-04-07 00:00:00,"2016-12-08","E. helvum","A","M","NRS","250",NA,8,9,2.07944154167984,2.19722457733622,0.0259380747940765,0.0745406320975162
"3591525","1525","Accra Zoo",2016-04-07 00:00:00,"2016-12-08","E. helvum","A","F","P","230",NA,8.75,6.75,2.16905370036952,1.90954250488444,0.0395639018857445,0.025552010097161
"5897177","7177","Accra Zoo",2016-04-07 00:00:00,"2016-12-08","E. helvum","A","F","P","235",NA,5.25,3,1.65822807660353,1.09861228866811,-0.038108834997335,-0.112539159409227
"5897200","7200","Accra Zoo",2016-04-07 00:00:00,"2016-12-08","E. helvum","A","F","NRS","275",NA,17,7,2.83321334405622,1.94591014905531,0.140551587022049,0.0317449603847707
"3450416","416","Accra Zoo",2016-04-07 00:00:00,"2016-12-08","E. helvum","A","M","NRS","240",NA,7,7.5,1.94591014905531,2.01490302054226,0.00563418195391031,0.0434935746560331
"5897122","7122","Accra Zoo",2016-04-07 00:00:00,"2016-12-08","E. helvum","A","M","NRS","210",NA,8,7.5,2.07944154167984,2.01490302054226,0.0259380747940765,0.0434935746560331
"3594197","4197","Accra Zoo",2016-04-07 00:00:00,"2016-12-08","E. helvum","SA","F","NRS","210",NA,12.5,6,2.52572864430826,1.79175946922805,0.0937975146577449,0.00549504734432197
"3585649","5649","Accra Zoo",2016-04-07 00:00:00,"2016-12-08","E. helvum","A","F","NRS","210",NA,8,7,2.07944154167984,1.94591014905531,0.0259380747940765,0.0317449603847707
"1498793","8793","Accra Zoo",2016-04-07 00:00:00,"2016-12-08","E. helvum","A","M","NRS","210",NA,8.25,5,2.11021320034659,1.6094379124341,0.0306170079483256,-0.025552010097161
"3470082","82","Accra Zoo",2016-04-07 00:00:00,"2016-12-08","E. helvum","A","F","P","235",NA,8.5,6,2.14006616349627,1.79175946922805,0.0351562503904152,0.00549504734432197
"1606353","6353","Accra Zoo",2016-04-07 00:00:00,"2016-12-08","E. helvum","A","F","P","270",NA,30.75,6.25,3.42588999425253,1.83258146374831,0.230670044996138,0.0124465172145501
"3476475","6475","Accra Zoo",2016-04-07 00:00:00,"2016-12-08","E. helvum","A","M","NRS","195",NA,5.5,7.5,1.70474809223843,2.01490302054226,-0.0310353117320631,0.0434935746560331
"5898050","8060","Accra Zoo",2016-04-07 00:00:00,"2016-12-08","E. helvum","A","F","P","220",NA,8,7.25,2.07944154167984,1.98100146886658,0.0259380747940765,0.0377205687606316
"3581385","1385","Accra Zoo",2016-04-07 00:00:00,"2016-12-08","E. helvum","A","F","NRS","210",NA,7.5,9.5,2.01490302054226,2.2512917986065,0.0161247777746654,0.0837475967263707
"5895860","5860","Accra Zoo",2016-04-07 00:00:00,"2016-12-08","E. helvum","A","M","NRS","230",NA,7.25,7.5,1.98100146886658,2.01490302054226,0.0109699339674573,0.0434935746560331
"5895564","5564","Accra Zoo",2016-04-07 00:00:00,"2016-12-08","E. helvum","SA","F","NRS","120",NA,8,6,2.07944154167984,1.79175946922805,0.0259380747940765,0.00549504734432197
"1940184","184","Accra Zoo",2016-04-07 00:00:00,"2016-12-08","E. helvum","A","M","NRS","245",NA,9.5,6,2.2512917986065,1.79175946922805,0.0520684785337072,0.00549504734432197
"3582870","2870","Accra Zoo",2016-04-07 00:00:00,"2016-12-08","E. helvum","A","M","NRS","210",NA,11.5,4,2.4423470353692,1.38629436111989,0.0811190634002222,-0.0635505374088722
"1926479","6479","Accra Zoo",2016-04-07 00:00:00,"2016-12-08","E. helvum","A","M","NRS","245",NA,13,5.5,2.56494935746154,1.70474809223843,0.0997611546777238,-0.00932189074551964
"5898580","8580","Accra Zoo",2016-04-07 00:00:00,"2016-12-08","E. helvum","SA","M","NRS","195",NA,13.5,4.75,2.60268968544438,1.55814461804655,0.105499697203609,-0.0342866100271786
"1682905","2905","Accra Zoo",2016-04-07 00:00:00,"2016-12-08","E. helvum","A","F","P","300",NA,15,9,2.70805020110221,2.19722457733622,0.121520114406299,0.0745406320975162
"1598029","8029","Accra Zoo",2016-04-07 00:00:00,"2016-12-08","E. helvum","A","M","NRS","210",NA,22,6.5,3.09104245335832,1.87180217690159,0.179755361531205,0.0191253091005912
"3582209","2209","Accra Zoo",2016-04-07 00:00:00,"2016-12-08","E. helvum","A","F","P","255",NA,42,7.75,3.73766961828337,2.04769284336526,0.278077174897567,0.0490772671748061
"1607615","7615","Accra Zoo",2016-04-07 00:00:00,"2016-12-08","E. helvum","A","M","NRS","180",NA,8.25,8,2.11021320034659,2.07944154167984,0.0306170079483256,0.0544836693446771
"5904502","4502","Accra Zoo",2016-04-07 00:00:00,"2016-12-08","E. helvum","A","M","NRS","195",NA,13,6.5,2.56494935746154,1.87180217690159,0.0997611546777238,0.0191253091005912
"5897013","7013","Accra Zoo",2016-04-07 00:00:00,"2016-12-08","E. helvum","A","M","NRS","225",NA,9,5.5,2.19722457733622,1.70474809223843,0.04384737752322,-0.00932189074551964
"1688229","8229","Accra Zoo",2016-04-07 00:00:00,"2016-12-08","E. helvum","A","F","P","235",NA,8.25,6.5,2.11021320034659,1.87180217690159,0.0306170079483256,0.0191253091005912
"5897090","7090","Accra Zoo",2016-04-07 00:00:00,"2016-12-08","E. helvum","SA","F","NRS","140",NA,13,6,2.56494935746154,1.79175946922805,0.0997611546777238,0.00549504734432197
"3586422","6422","Accra Zoo",2016-04-07 00:00:00,"2016-12-08","E. helvum","A","M","NRS","220",NA,8.25,6,2.11021320034659,1.79175946922805,0.0306170079483256,0.00549504734432197
"5897249","7249","Accra Zoo",2016-04-07 00:00:00,"2016-12-08","E. helvum","SA","F","NRS","190",NA,9.75,10.5,2.27726728500976,2.35137525716348,0.0560181377264785,0.100790545137965
"1950832","832","Accra Zoo",2016-04-07 00:00:00,"2016-12-08","E. helvum","A","M","NRS","225",NA,6.75,8,1.90954250488444,2.07944154167984,0.000104360571974621,0.0544836693446771
"1937628","7628","Accra Zoo",2016-04-07 00:00:00,"2016-12-08","E. helvum","A","F","P","250",NA,14,7,2.63905732961526,1.94591014905531,0.111029518585544,0.0317449603847707
"5908873","8873","Accra Zoo",2016-04-07 00:00:00,"2016-12-08","E. helvum","A","F","P","280",NA,10,9.5,2.30258509299405,2.2512917986065,0.0598677947259107,0.0837475967263707
"3581625","1625","Accra Zoo",2016-04-07 00:00:00,"2016-12-08","E. helvum","A","M","NRS","215",NA,5.5,5.5,1.70474809223843,1.70474809223843,-0.0310353117320631,-0.00932189074551964
"3485524","5524","Accra Zoo",2016-04-07 00:00:00,"2016-12-08","E. helvum","A","F","P","265",NA,27,7,3.29583686600433,1.94591014905531,0.210895033835243,0.0317449603847707
"3483529","3529","Accra Zoo",2016-04-07 00:00:00,"2016-12-08","E. helvum","A","M","NRS","225",NA,7,6.5,1.94591014905531,1.87180217690159,0.00563418195391031,0.0191253091005912
"5897001","7001","Accra Zoo",2016-04-07 00:00:00,"2016-12-08","E. helvum","A","F","NRS","210",NA,6.5,7,1.87180217690159,1.94591014905531,-0.00563418195391027,0.0317449603847707
"5897203","7203","Accra Zoo",2016-04-07 00:00:00,"2016-12-08","E. helvum","SA","F","NRS","145",NA,4.5,6,1.50407739677627,1.79175946922805,-0.0615479591084141,0.00549504734432197
"3486907","6907","Accra Zoo",2016-04-07 00:00:00,"2016-12-08","E. helvum","A","F","NRS","230",NA,7,5.5,1.94591014905531,1.70474809223843,0.00563418195391031,-0.00932189074551964
"5896047","6047","Accra Zoo",2016-04-07 00:00:00,"2016-12-08","E. helvum","SA","F","NRS","160",NA,9,7,2.19722457733622,1.94591014905531,0.04384737752322,0.0317449603847707
"5896173","6173","Accra Zoo",2016-04-07 00:00:00,"2016-12-08","E. helvum","SA","F","NRS","205",NA,4.5,6.25,1.50407739677627,1.83258146374831,-0.0615479591084141,0.0124465172145501
"5895437","5437","Accra Zoo",2016-04-07 00:00:00,"2016-12-08","E. helvum","A","F","NRS","215",NA,8.5,7.5,2.14006616349627,2.01490302054226,0.0351562503904152,0.0434935746560331
"1934830","4830","Accra Zoo",2016-04-07 00:00:00,"2016-12-08","E. helvum","A","F","P","260",NA,9.5,3,2.2512917986065,1.09861228866811,0.0520684785337072,-0.112539159409227
"3460556","556","Accra Zoo",2016-04-07 00:00:00,"2016-12-08","E. helvum","A","M","NRS","250",NA,7.25,8.5,1.98100146886658,2.14006616349627,0.0109699339674573,0.0648072764320725
"5898337","8337","Accra Zoo",2016-04-07 00:00:00,"2016-12-08","E. helvum","SA","F","NRS","155",NA,8.75,5,2.16905370036952,1.6094379124341,0.0395639018857445,-0.025552010097161
"1925151","5151","Accra Zoo",2016-04-07 00:00:00,"2016-12-08","E. helvum","A","M","NRS","215",NA,29.5,8.25,3.38439026334577,2.11021320034659,0.224359872738774,0.0597236940076745
"5895653","5653","Accra Zoo",2016-04-07 00:00:00,"2016-12-08","E. helvum","A","F","NRS","230",NA,8.25,10.25,2.11021320034659,2.32727770558442,0.0306170079483256,0.096687036582914
"3484617","4617","Accra Zoo",2016-04-07 00:00:00,"2016-12-08","E. helvum","A","F","P","250",NA,5.5,5.75,1.70474809223843,1.74919985480926,-0.0310353117320631,-0.00175231723934605
"1947745","7745","Accra Zoo",2016-04-07 00:00:00,"2016-12-08","E. helvum","A","M","NRS","265",NA,12,6,2.484906649788,1.79175946922805,0.0875903944744653,0.00549504734432197
"5897942","7942","Accra Zoo",2016-04-07 00:00:00,"2016-12-08","E. helvum","A","F","P","250",NA,8.5,8.5,2.14006616349627,2.14006616349627,0.0351562503904152,0.0648072764320725
"1924509","4509","Accra Zoo",2016-04-07 00:00:00,"2016-12-08","E. helvum","A","F","NRS","275",NA,7,7.5,1.94591014905531,2.01490302054226,0.00563418195391031,0.0434935746560331
"5899133","9133","Accra Zoo",2016-04-07 00:00:00,"2016-12-08","E. helvum","SA","F","NRS","180",NA,7.5,5.5,2.01490302054226,1.70474809223843,0.0161247777746654,-0.00932189074551964
"1952317","2317","Accra Zoo",2016-04-07 00:00:00,"2016-12-08","E. helvum","A","F","P","275",NA,8.5,11.75,2.14006616349627,2.46385324059017,0.0351562503904152,0.119944124526809
"5897426","7426","Accra Zoo",2016-04-07 00:00:00,"2016-12-08","E. helvum","A","F","P","225",NA,5,6,1.6094379124341,1.79175946922805,-0.0455275419057234,0.00549504734432197
"5899054","9054","Accra Zoo",2016-04-07 00:00:00,"2016-12-08","E. helvum","A","M","NRS","185",NA,5,6.25,1.6094379124341,1.83258146374831,-0.0455275419057234,0.0124465172145501
"5898394","8394","Accra Zoo",2016-04-07 00:00:00,"2016-12-08","E. helvum","SA","M","NRS","185",NA,6.5,4.75,1.87180217690159,1.55814461804655,-0.00563418195391027,-0.0342866100271786
"5897475","7475","Accra Zoo",2016-04-07 00:00:00,"2016-12-08","E. helvum","SA","M","NRS","160",NA,4.5,4.5,1.50407739677627,1.50407739677627,-0.0615479591084141,-0.0434935746560331
"3584766","4766","Accra Zoo",2016-04-07 00:00:00,"2016-12-08","E. helvum","A","M","NRS","210",NA,24.25,18.25,3.18841661738349,2.9041650800285,0.194561427377663,0.194923667327972
"5904041","4041","Accra Zoo",2016-04-07 00:00:00,"2016-12-08","E. helvum","A","F","NRS","190",NA,7,9.5,1.94591014905531,2.2512917986065,0.00563418195391031,0.0837475967263707
"3463362","3362","Accra Zoo",2016-04-07 00:00:00,"2016-12-08","E. helvum","A","M","NRS","220",NA,10,8,2.30258509299405,2.07944154167984,0.0598677947259107,0.0544836693446771
"1924829","4829","Accra Zoo",2016-04-07 00:00:00,"2016-12-08","E. helvum","A","F","P","245",NA,13.6666666666667,5.33333333333333,2.6149597780362,1.67397643357167,0.10736540563536,-0.0145619154085171
"1930778","778","Accra Zoo",2016-04-07 00:00:00,"2016-12-08","E. helvum","A","F","P","225",NA,11,6.25,2.39789527279837,1.83258146374831,0.074360024899571,0.0124465172145501
"5897775","7775","Accra Zoo",2016-04-07 00:00:00,"2016-12-08","E. helvum","SA","M","NRS","215",NA,7.75,5,2.04769284336526,1.6094379124341,0.0211105795083303,-0.025552010097161
"5897975","7975","Accra Zoo",2016-04-07 00:00:00,"2016-12-08","E. helvum","A","F","NRS","210",NA,9.5,6.5,2.2512917986065,1.87180217690159,0.0520684785337072,0.0191253091005912
"3586500","6500","Accra Zoo",2016-04-07 00:00:00,"2016-12-08","E. helvum","A","M","NRS","220",NA,6.5,9.5,1.87180217690159,2.2512917986065,-0.00563418195391027,0.0837475967263707
"5896540","6540","Accra Zoo",2016-04-07 00:00:00,"2016-12-08","E. helvum","SA","F","NRS","195",NA,7,5.75,1.94591014905531,1.74919985480926,0.00563418195391031,-0.00175231723934605
"5899288","9288","Accra Zoo",2016-04-07 00:00:00,"2016-12-08","E. helvum","SA","F","NRS","205",NA,15,7.75,2.70805020110221,2.04769284336526,0.121520114406299,0.0490772671748061
"3470474","474","Accra Zoo",2016-04-07 00:00:00,"2016-12-08","E. helvum","A","F","P","240",NA,8.5,7.75,2.14006616349627,2.04769284336526,0.0351562503904152,0.0490772671748061
"3555977","5977","Accra Zoo",2016-04-07 00:00:00,"2016-12-08","E. helvum","A","M","NRS","230",NA,5.5,6.5,1.70474809223843,1.87180217690159,-0.0310353117320631,0.0191253091005912
"5898663","8663","Accra Zoo",2016-04-07 00:00:00,"2016-12-08","E. helvum","SA","F","NRS","165",NA,9.5,7,2.2512917986065,1.94591014905531,0.0520684785337072,0.0317449603847707
"5907743","7743","Accra Zoo",2016-04-07 00:00:00,"2016-12-08","E. helvum","SA","F","NRS","190",NA,8.5,7,2.14006616349627,1.94591014905531,0.0351562503904152,0.0317449603847707
"3487502","7502","Accra Zoo",2016-04-07 00:00:00,"2016-12-08","E. helvum","A","F","P","205",NA,8.5,6.25,2.14006616349627,1.83258146374831,0.0351562503904152,0.0124465172145501
"5904934","4934","Accra Zoo",2016-04-07 00:00:00,"2016-12-08","E. helvum","SA","M","NRS","165",NA,10.25,10,2.32727770558442,2.30258509299405,0.063622388684115,0.0924821966563883
"5895543","5543","Accra Zoo",2016-04-07 00:00:00,"2016-12-08","E. helvum","SA","F","NRS","220",NA,4,7,1.38629436111989,1.94591014905531,-0.0794572618375576,0.0317449603847707
"1681760","1760","Accra Zoo",2016-04-07 00:00:00,"2016-12-08","E. helvum","A","M","NRS","215",NA,32.25,7.5,3.47351804324178,2.01490302054226,0.237912048422128,0.0434935746560331
"1679675","9675","Accra Zoo",2016-04-07 00:00:00,"2016-12-08","E. helvum","A","F","P","265",NA,20.5,4.5,3.02042488614436,1.50407739677627,0.169017725315749,-0.0434935746560331
"3589968","9968","Accra Zoo",2016-04-07 00:00:00,"2016-12-08","E. helvum","A","M","NRS","235",NA,7,7.5,1.94591014905531,2.01490302054226,0.00563418195391031,0.0434935746560331
"5896605","6605","Accra Zoo",2016-04-07 00:00:00,"2016-12-08","E. helvum","SA","F","NRS","180",NA,7.5,6,2.01490302054226,1.79175946922805,0.0161247777746654,0.00549504734432197
"5897617","7617","Accra Zoo",2016-04-07 00:00:00,"2016-12-08","E. helvum","A","M","NRS","205",NA,4,4.5,1.38629436111989,1.50407739677627,-0.0794572618375576,-0.0434935746560331
"5897596","7596","Accra Zoo",2016-04-07 00:00:00,"2016-12-08","E. helvum","A","F","NRS","220",NA,8.5,7.5,2.14006616349627,2.01490302054226,0.0351562503904152,0.0434935746560331
"5897731","7731","Accra Zoo",2016-04-07 00:00:00,"2016-12-08","E. helvum","A","F","P","230",NA,10.75,7.5,2.37490575457367,2.01490302054226,0.070864392110105,0.0434935746560331
"1940949","949","Accra Zoo",2016-04-07 00:00:00,"2016-12-08","E. helvum","A","F","P","205",NA,14,8,2.63905732961526,2.07944154167984,0.111029518585544,0.0544836693446771
"1481777","1777","Accra Zoo",2016-04-07 00:00:00,"2016-12-08","E. helvum","A","M","NRS","260",NA,22.5,9,3.11351530921037,2.19722457733622,0.183172434086688,0.0745406320975162
"1605574","5574","Accra Zoo",2016-04-07 00:00:00,"2016-12-08","E. helvum","UNK","UNK","NRS","235",NA,8.5,9.5,2.14006616349627,2.2512917986065,0.0351562503904152,0.0837475967263707
"1933940","3940","Accra Zoo",2016-04-07 00:00:00,"2016-12-08","E. helvum","A","F","NRS","235",NA,9,5.75,2.19722457733622,1.74919985480926,0.04384737752322,-0.00175231723934605
"1947739","7739","Accra Zoo",2016-04-07 00:00:00,"2016-12-08","E. helvum","A","F","P","225",NA,12,9,2.484906649788,2.19722457733622,0.0875903944744653,0.0745406320975162
"1607828","7828","Accra Zoo",2016-04-07 00:00:00,"2016-12-08","E. helvum","A","M","NRS","200",NA,8,7.5,2.07944154167984,2.01490302054226,0.0259380747940765,0.0434935746560331
"5897965","7965","Accra Zoo",2016-04-07 00:00:00,"2016-12-08","E. helvum","SA","F","NRS","125",NA,10.5,8,2.35137525716348,2.07944154167984,0.0672865016342991,0.0544836693446771
"3486116","6116","Accra Zoo",2016-04-07 00:00:00,"2016-12-08","E. helvum","A","F",NA,"230",NA,7.75,9,2.04769284336526,2.19722457733622,0.0211105795083303,0.0745406320975162
"3461662","1662","Accra Zoo",2016-04-07 00:00:00,"2016-12-08","E. helvum","A","F","P","225",NA,10,7,2.30258509299405,1.94591014905531,0.0598677947259107,0.0317449603847707
"5896409","6409","Accra Zoo",2016-04-07 00:00:00,"2016-12-08","E. helvum","A","M","NRS","185",NA,9.5,10.25,2.2512917986065,2.32727770558442,0.0520684785337072,0.096687036582914
"3459901","9901","Accra Zoo",2016-04-07 00:00:00,"2016-12-08","E. helvum","A","M","NRS","230",NA,10,8,2.30258509299405,2.07944154167984,0.0598677947259107,0.0544836693446771
"1951534","1534","Accra Zoo",2016-04-07 00:00:00,"2016-12-08","E. helvum","A","M","NRS","195",NA,5.75,5.5,1.74919985480926,1.70474809223843,-0.0242762732314119,-0.00932189074551964
"5896159","6459","Accra Zoo",2016-04-07 00:00:00,"2016-12-08","E. helvum","SA","F","NRS","215",NA,8.25,6.75,2.11021320034659,1.90954250488444,0.0306170079483256,0.025552010097161
"5898735","8735","Accra Zoo",2016-04-07 00:00:00,"2016-12-08","E. helvum","SA","M","NRS","115",NA,7,5.5,1.94591014905531,1.70474809223843,0.00563418195391031,-0.00932189074551964
"1589231","9231","Accra Zoo",2016-04-12 00:00:00,"2016-09-06","E. helvum",NA,"F",NA,"200",NA,17,9,2.83321334405622,2.19722457733622,0.176007478600499,0
"1591037","1037","Accra Zoo",2016-04-12 00:00:00,"2016-09-06","E. helvum",NA,"F",NA,"240",NA,16.5,17.5,2.80336038090653,2.86220088092947,0.17096227698406,0.137372458658655
"3465863","5863","Accra Zoo",2016-04-12 00:00:00,"2016-09-06","E. helvum",NA,"F",NA,"205",NA,5.25,9,1.65822807660353,2.19722457733622,-0.0225670327778398,0
"1685961","5961","Accra Zoo",2016-04-12 00:00:00,"2016-09-06","E. helvum",NA,"F",NA,"240",NA,10.5,10.25,2.35137525716348,2.32727770558442,0.0945760212719905,0.0268666986886082
"1930890","890","Accra Zoo",2016-04-12 00:00:00,"2016-09-06","E. helvum",NA,"F",NA,"240",NA,14,8.5,2.63905732961526,2.14006616349627,0.143194781482718,-0.0118079272897302
"5894900","4900","Accra Zoo",2016-04-12 00:00:00,"2016-09-06","E. helvum",NA,"F",NA,"165",NA,6.5,6.75,1.87180217690159,1.90954250488444,0.0135273539217476,-0.0594300780210835
"D093","4438","Accra Zoo",2016-04-12 00:00:00,"2016-09-06","E. helvum",NA,"F",NA,"210",NA,10,5.75,2.30258509299405,1.74919985480926,0.0863304004302772,-0.0925540614617701
"3471369","1369","Accra Zoo",2016-04-12 00:00:00,"2016-09-06","E. helvum",NA,"F",NA,"255",NA,21,9.25,3.04452243772342,2.22462355152433,0.211719075321821,0.00566014823176102
"3467369","7369","Accra Zoo",2016-04-12 00:00:00,"2016-09-06","E. helvum",NA,"F",NA,"220",NA,10.25,16.5,2.32727770558442,2.80336038090653,0.0905034940133294,0.125217041821728
"3491475","1475","Accra Zoo",2016-04-12 00:00:00,"2016-09-06","E. helvum",NA,"F",NA,"210",NA,7.75,8.5,2.04769284336526,2.14006616349627,0.0432531761226961,-0.0118079272897302
"5896006","6006","Accra Zoo",2016-04-12 00:00:00,"2016-09-06","E. helvum",NA,"F",NA,"235",NA,12.25,7,2.50552593699074,1.94591014905531,0.120627748704879,-0.0519171596383075
"1591879","1879","Accra Zoo",2016-04-12 00:00:00,"2016-09-06","E. helvum",NA,"F",NA,"135",NA,7,8.5,1.94591014905531,2.14006616349627,0.0260517274328881,-0.0118079272897302
"3463981","3981","Accra Zoo",2016-04-12 00:00:00,"2016-09-06","E. helvum",NA,"F",NA,"235",NA,9.5,7,2.2512917986065,1.94591014905531,0.07766174631849,-0.0519171596383075
"3444640","4640","Accra Zoo",2016-04-12 00:00:00,"2016-09-06","E. helvum",NA,"F",NA,"180",NA,9,9,2.19722457733622,2.19722457733622,0.0685242938391023,0
"1593800","3800","Accra Zoo",2016-04-12 00:00:00,"2016-09-06","E. helvum",NA,"F",NA,"250",NA,9,7.75,2.19722457733622,2.04769284336526,0.0685242938391023,-0.0308906375040517
"3478656","8656","Accra Zoo",2016-04-12 00:00:00,"2016-09-06","E. helvum",NA,"F",NA,"175",NA,8,9.75,2.07944154167984,2.27726728500976,0.048618760210728,0.016535421625393
"-1","-1","Accra Zoo",2016-04-12 00:00:00,"2016-09-06","E. helvum","JUV",NA,NA,NA,NA,14,9.5,2.63905732961526,2.2512917986065,0.143194781482718,0.0111693410405831
"1591037","1037","Accra Zoo",2016-04-19 00:00:00,"2016-09-06","E. helvum",NA,"F",NA,"250",NA,12,12,2.484906649788,2.484906649788,0.11714305404983,0.0594300780210834
"1589231","9231","Accra Zoo",2016-04-19 00:00:00,"2016-09-06","E. helvum",NA,"F",NA,"205",NA,13.25,12.5,2.58399755243223,2.52572864430826,0.133889585363602,0.0678631871774479
"3465863","5863","Accra Zoo",2016-04-19 00:00:00,"2016-09-06","E. helvum",NA,"F",NA,"220",NA,8,8.5,2.07944154167984,2.14006616349627,0.048618760210728,-0.0118079272897302
"1685961","5961","Accra Zoo",2016-04-19 00:00:00,"2016-09-06","E. helvum",NA,"F",NA,"245",NA,10,10,2.30258509299405,2.30258509299405,0.0863304004302772,0.0217656373667001
"5894900","4900","Accra Zoo",2016-04-19 00:00:00,"2016-09-06","E. helvum",NA,NA,NA,"160",NA,6.5,8.75,1.87180217690159,2.16905370036952,0.0135273539217476,-0.00581960982755965
"3471369","1369","Accra Zoo",2016-04-19 00:00:00,"2016-09-06","E. helvum",NA,"F",NA,"240",NA,19.5,6.5,2.9704144655697,1.87180217690159,0.19919470181068,-0.0672265688397383
"1930890","890","Accra Zoo",2016-04-19 00:00:00,"2016-09-06","E. helvum",NA,"F",NA,"245",NA,15,8.25,2.70805020110221,2.11021320034659,0.15485469426938,-0.0179750266644869
"1684438","4438","Accra Zoo",2016-04-19 00:00:00,"2016-09-06","E. helvum",NA,"F",NA,"220",NA,9.75,8.5,2.27726728500976,2.14006616349627,0.0820516477608499,-0.0118079272897302
"5896006","6006","Accra Zoo",2016-04-19 00:00:00,"2016-09-06","E. helvum",NA,"F",NA,"230",NA,12.5,8.5,2.52572864430826,2.14006616349627,0.124042040649826,-0.0118079272897302
"3491475","1475","Accra Zoo",2016-04-19 00:00:00,"2016-09-06","E. helvum",NA,"F",NA,"210",NA,9.5,9,2.2512917986065,2.19722457733622,0.07766174631849,0
"3467369","7369","Accra Zoo",2016-04-19 00:00:00,"2016-09-06","E. helvum",NA,"F",NA,"215",NA,10.5,23.25,2.35137525716348,3.14630513203337,0.0945760212719905,0.196063421447294
"1591879","1879","Accra Zoo",2016-04-19 00:00:00,"2016-09-06","E. helvum",NA,"F",NA,"130",NA,12.25,9,2.50552593699074,2.19722457733622,0.120627748704879,0
"3444640","4640","Accra Zoo",2016-04-19 00:00:00,"2016-09-06","E. helvum",NA,"F",NA,"190",NA,6.5,11,1.87180217690159,2.39789527279837,0.0135273539217476,0.0414550513565966
"3463981","3981","Accra Zoo",2016-04-19 00:00:00,"2016-09-06","E. helvum",NA,"F",NA,"240",NA,12.25,8.5,2.50552593699074,2.14006616349627,0.120627748704879,-0.0118079272897302
"1593800","3800","Accra Zoo",2016-04-19 00:00:00,"2016-09-06","E. helvum",NA,"F",NA,"250",NA,13.5,5,2.60268968544438,1.6094379124341,0.137048587678205,-0.121426431119515
"3478656","8656","Accra Zoo",2016-04-19 00:00:00,"2016-09-06","E. helvum",NA,"F",NA,"175",NA,5.5,5.75,1.70474809223843,1.74919985480926,-0.0147050709048723,-0.0925540614617701
"1591037","1037","Accra Zoo",2016-04-26 00:00:00,"2016-09-12","E. helvum",NA,"F","P","265",NA,17,12.5,2.83321334405622,2.52572864430826,0.104111051920416,0.0462424821628571
"1589231","9231","Accra Zoo",2016-04-26 00:00:00,"2016-09-12","E. helvum",NA,"F","P","210",NA,12.5,8,2.52572864430826,2.07944154167984,0.0537759560581217,-0.0462424821628572
"1685961","5961","Accra Zoo",2016-04-26 00:00:00,"2016-09-12","E. helvum",NA,"F","P","245",NA,16.25,8,2.78809290877575,2.07944154167984,0.0967248586007079,-0.0462424821628572
"3465863","5863","Accra Zoo",2016-04-26 00:00:00,"2016-09-12","E. helvum",NA,"F","P","225",NA,13,9,2.56494935746154,2.19722457733622,0.060196367733812,-0.0218340693122518
"1930890","890","Accra Zoo",2016-04-26 00:00:00,"2016-09-12","E. helvum",NA,"F","P","250",NA,25,10.5,3.2188758248682,2.35137525716348,0.167243812536061,0.010110882806337
"3471369","1369","Accra Zoo",2016-04-26 00:00:00,"2016-09-12","E. helvum",NA,"F","NP","245",NA,48.5,8.25,3.88156379794344,2.11021320034659,0.275725511556772,-0.0398656101061102
"5894900","4900","Accra Zoo",2016-04-26 00:00:00,"2016-09-12","E. helvum",NA,"M",NA,"160",NA,10.5,7.5,2.35137525716348,2.01490302054226,0.0252343913459856,-0.0596169283206981
"1684438","4438","Accra Zoo",2016-04-26 00:00:00,"2016-09-12","E. helvum",NA,"F","P","230",NA,16.5,9,2.80336038090653,2.19722457733622,0.0992241363660993,-0.0218340693122518
"5896006","6006","Accra Zoo",2016-04-26 00:00:00,"2016-09-12","E. helvum",NA,"F","P","260",NA,15,14.5,2.70805020110221,2.67414864942653,0.0836219062680307,0.0769998551582732
"3491475","1475","Accra Zoo",2016-04-26 00:00:00,"2016-09-12","E. helvum",NA,"F","P","215",NA,12.5,10.25,2.52572864430826,2.32727770558442,0.0537759560581217,0.00511709924189896
"1591879","1879","Accra Zoo",2016-04-26 00:00:00,"2016-09-12","E. helvum",NA,"F","P","140",NA,29,12.25,3.36729582998647,2.50552593699074,0.191540095218205,0.0420558349249258
"3467369","7369","Accra Zoo",2016-04-26 00:00:00,"2016-09-12","E. helvum",NA,"F","P","225",NA,13.5,22,2.60268968544438,3.09104245335832,0.0663744410768049,0.163393587706589
"3463981","3981","Accra Zoo",2016-04-26 00:00:00,"2016-09-12","E. helvum",NA,"F","P","250",NA,11,8.75,2.39789527279837,2.16905370036952,0.0328496952892944,-0.0276719762021093
"1593800","3800","Accra Zoo",2016-04-26 00:00:00,"2016-09-12","E. helvum",NA,"F","P","255",NA,15,7,2.70805020110221,1.94591014905531,0.0836219062680307,-0.0739144583649664
"3478656","8656","Accra Zoo",2016-04-26 00:00:00,"2016-09-12","E. helvum",NA,"F","?","185",NA,11,11.5,2.39789527279837,2.4423470353692,0.0328496952892944,0.0289631454248437
"3444640","4640","Accra Zoo",2016-04-26 00:00:00,"2016-09-12","E. helvum",NA,"F","P","195",NA,10.5,8,2.35137525716348,2.07944154167984,0.0252343913459856,-0.0462424821628572
"1591037","1037","Accra Zoo",2016-05-03 00:00:00,"2016-09-12","E. helvum",NA,NA,NA,"260",NA,12,17,2.484906649788,2.83321334405622,0.0470934154011349,0.109963148342562
"1589231","9231","Accra Zoo",2016-05-03 00:00:00,"2016-09-12","E. helvum",NA,NA,NA,"215",NA,9.5,11.5,2.2512917986065,2.4423470353692,0.00885077783667924,0.0289631454248437
"1685961","5961","Accra Zoo",2016-05-03 00:00:00,"2016-09-12","E. helvum",NA,NA,NA,"245",NA,13.25,6.5,2.58399755243223,1.87180217690159,0.0633145479900638,-0.0892720008987344
"3465863","5863","Accra Zoo",2016-05-03 00:00:00,"2016-09-12","E. helvum",NA,NA,NA,"225",NA,15.5,9,2.7408400239252,2.19722457733622,0.0889895843230877,-0.0218340693122518
"3471369","1369","Accra Zoo",2016-05-03 00:00:00,"2016-09-12","E. helvum",NA,NA,NA,"245",NA,35.75,9.5,3.57655026914002,2.2512917986065,0.225794945176716,-0.0106296114623118
"5894900","4900","Accra Zoo",2016-05-03 00:00:00,"2016-09-12","E. helvum",NA,NA,NA,"160",NA,6.75,8.5,1.90954250488444,2.14006616349627,-0.0470934154011349,-0.0336791211494398
"1684438","4438","Accra Zoo",2016-05-03 00:00:00,"2016-09-12","E. helvum",NA,NA,NA,"230",NA,16.5,10,2.80336038090653,2.30258509299405,0.0992241363660993,0
"1930890","890","Accra Zoo",2016-05-03 00:00:00,"2016-09-12","E. helvum",NA,NA,NA,"245",NA,23.25,10.75,3.14630513203337,2.37490575457367,0.155364025399893,0.0149871546070034
"3491475","1475","Accra Zoo",2016-05-03 00:00:00,"2016-09-12","E. helvum",NA,NA,NA,"215",NA,11.5,11,2.4423470353692,2.39789527279837,0.0401264272115165,0.019751318214588
"1591879","1879","Accra Zoo",2016-05-03 00:00:00,"2016-09-12","E. helvum",NA,NA,NA,"145",NA,25.25,8,3.22882615572137,2.07944154167984,0.168872676859282,-0.0462424821628572
"3467369","7369","Accra Zoo",2016-05-03 00:00:00,"2016-09-12","E. helvum",NA,NA,NA,"225",NA,10.75,21.75,2.37490575457367,3.07961375753469,0.0290863223324718,0.161025196329577
"5896006","6006","Accra Zoo",2016-05-03 00:00:00,"2016-09-12","E. helvum",NA,NA,NA,"250",NA,13.25,14.75,2.58399755243223,2.69124308278583,0.0633145479900638,0.0805423685988184
"3463981","3981","Accra Zoo",2016-05-03 00:00:00,"2016-09-12","E. helvum",NA,NA,NA,"255",NA,12,9.75,2.484906649788,2.27726728500976,0.0470934154011349,-0.00524665972743088
"3444640","4640","Accra Zoo",2016-05-03 00:00:00,"2016-09-12","E. helvum",NA,NA,NA,"190",NA,10.5,12.75,2.35137525716348,2.54553127160443,0.0252343913459856,0.0503462200218636
"1593800","3800","Accra Zoo",2016-05-03 00:00:00,"2016-09-12","E. helvum",NA,NA,NA,"265",NA,14.5,9,2.67414864942653,2.19722457733622,0.0780722387402653,-0.0218340693122518
"3478656","8656","Accra Zoo",2016-05-03 00:00:00,"2016-09-12","E. helvum",NA,NA,NA,"180",NA,14.5,13,2.67414864942653,2.56494935746154,0.0780722387402653,0.0543702685932672
"1685961","5961","Accra Zoo",2016-05-10 00:00:00,"2016-09-12","E. helvum",NA,NA,NA,"255",NA,14,8.5,2.63905732961526,2.14006616349627,0.0723278067471205,-0.0336791211494398
"1589231","9231","Accra Zoo",2016-05-10 00:00:00,"2016-09-12","E. helvum",NA,NA,NA,"215",NA,10,9.5,2.30258509299405,2.2512917986065,0.0172474651912258,-0.0106296114623118
"1591037","1037","Accra Zoo",2016-05-10 00:00:00,"2016-09-12","E. helvum",NA,NA,NA,"285",NA,12.5,12.5,2.52572864430826,2.52572864430826,0.0537759560581217,0.0462424821628571
"3465863","5863","Accra Zoo",2016-05-10 00:00:00,"2016-09-12","E. helvum",NA,NA,NA,"225",NA,12.75,7,2.54553127160443,1.94591014905531,0.0570176365192812,-0.0739144583649664
"1930890","890","Accra Zoo",2016-05-10 00:00:00,"2016-09-12","E. helvum",NA,NA,NA,"245",NA,25.75,13.5,3.24843462710975,2.60268968544438,0.172082574092725,0.0621912718590516
"3471369","1369","Accra Zoo",2016-05-10 00:00:00,"2016-09-12","E. helvum",NA,NA,NA,"240",NA,21,6.5,3.04452243772342,1.87180217690159,0.138702247823925,-0.0892720008987344
"5894900","4900","Accra Zoo",2016-05-10 00:00:00,"2016-09-12","E. helvum",NA,NA,NA,"175",NA,10.25,6,2.32727770558442,1.79175946922805,0.0212896338677344,-0.105859410483555
"1684438","4438","Accra Zoo",2016-05-10 00:00:00,"2016-09-12","E. helvum",NA,NA,NA,"235",NA,16.5,8.25,2.80336038090653,2.11021320034659,0.0992241363660993,-0.0398656101061102
"1591879","1879","Accra Zoo",2016-05-10 00:00:00,"2016-09-12","E. helvum",NA,NA,NA,"145",NA,29.5,11.5,3.38439026334577,2.4423470353692,0.19433844564851,0.0289631454248437
"3491475","1475","Accra Zoo",2016-05-10 00:00:00,"2016-09-12","E. helvum",NA,NA,NA,"225",NA,11.5,10,2.4423470353692,2.30258509299405,0.0401264272115165,0
"3467369","7369","Accra Zoo",2016-05-10 00:00:00,"2016-09-12","E. helvum",NA,NA,NA,"230",NA,9.75,20.25,2.27726728500976,3.00815479355255,0.0131029523326771,0.146216613030355
"5896006","6006","Accra Zoo",2016-05-10 00:00:00,"2016-09-12","E. helvum",NA,NA,NA,"260",NA,12.5,12.5,2.52572864430826,2.52572864430826,0.0537759560581217,0.0462424821628571
"1593800","3800","Accra Zoo",2016-05-10 00:00:00,"2016-09-12","E. helvum",NA,NA,NA,"280",NA,15,9,2.70805020110221,2.19722457733622,0.0836219062680307,-0.0218340693122518
"3463981","3981","Accra Zoo",2016-05-10 00:00:00,"2016-09-12","E. helvum",NA,NA,NA,"265",NA,10.5,7,2.35137525716348,1.94591014905531,0.0252343913459856,-0.0739144583649664
"3444640","4640","Accra Zoo",2016-05-10 00:00:00,"2016-09-12","E. helvum",NA,NA,NA,"195",NA,7,6.5,1.94591014905531,1.87180217690159,-0.0411400497308194,-0.0892720008987344
"3478656","8656","Accra Zoo",2016-05-10 00:00:00,"2016-09-12","E. helvum",NA,NA,NA,"175",NA,12.5,7,2.52572864430826,1.94591014905531,0.0537759560581217,-0.0739144583649664
"1589231","9231","Accra Zoo",2016-05-17 00:00:00,"2016-09-12","E. helvum",NA,"F","P","215",NA,14.75,10.5,2.69124308278583,2.35137525716348,0.0808705891705706,0.010110882806337
"3465863","5863","Accra Zoo",2016-05-17 00:00:00,"2016-09-12","E. helvum",NA,"F","P","230",NA,14.25,7.5,2.65675690671466,2.01490302054226,0.0752252189134842,-0.0596169283206981
"1685961","5961","Accra Zoo",2016-05-17 00:00:00,"2016-09-12","E. helvum",NA,"F","P","245",NA,9,7.5,2.19722457733622,2.01490302054226,0,-0.0596169283206981
"1591037","1037","Accra Zoo",2016-05-17 00:00:00,"2016-09-12","E. helvum",NA,"F","P","270",NA,12.5,14,2.52572864430826,2.63905732961526,0.0537759560581217,0.069727811127035
"1930890","890","Accra Zoo",2016-05-17 00:00:00,"2016-09-12","E. helvum",NA,"F","P","255",NA,14,8.25,2.63905732961526,2.11021320034659,0.0723278067471205,-0.0398656101061102
"1684438","4438","Accra Zoo",2016-05-17 00:00:00,"2016-09-12","E. helvum",NA,"F","P","235",NA,16.75,10,2.81839825827108,2.30258509299405,0.101685829579876,0
"5894900","4900","Accra Zoo",2016-05-17 00:00:00,"2016-09-12","E. helvum",NA,"M","NRS","180",NA,10.25,6.5,2.32727770558442,1.87180217690159,0.0212896338677344,-0.0892720008987344
"3471369","1369","Accra Zoo",2016-05-17 00:00:00,"2016-09-12","E. helvum",NA,"F","NP","240",NA,11.75,8.5,2.46385324059017,2.14006616349627,0.0436469825507536,-0.0336791211494398
"3491475","1475","Accra Zoo",2016-05-17 00:00:00,"2016-09-12","E. helvum",NA,"F","P","225",NA,12.75,9.5,2.54553127160443,2.2512917986065,0.0570176365192812,-0.0106296114623118
"1591879","1879","Accra Zoo",2016-05-17 00:00:00,"2016-09-12","E. helvum",NA,"F","P","150",NA,13,8,2.56494935746154,2.07944154167984,0.060196367733812,-0.0462424821628572
"5896006","6006","Accra Zoo",2016-05-17 00:00:00,"2016-09-12","E. helvum",NA,"F","P","265",NA,9.5,8.5,2.2512917986065,2.14006616349627,0.00885077783667924,-0.0336791211494398
"3467369","7369","Accra Zoo",2016-05-17 00:00:00,"2016-09-12","E. helvum",NA,"F","P","235",NA,9.5,22,2.2512917986065,3.09104245335832,0.00885077783667924,0.163393587706589
"3478656","8656","Accra Zoo",2016-05-17 00:00:00,"2016-09-12","E. helvum",NA,"F","P","185",NA,15.25,11.5,2.72457950305342,2.4423470353692,0.0863277449615754,0.0289631454248437
"1593800","3800","Accra Zoo",2016-05-17 00:00:00,"2016-09-12","E. helvum",NA,"F","P","275",NA,15,12,2.70805020110221,2.484906649788,0.0836219062680307,0.0377828590084463
"3463981","3981","Accra Zoo",2016-05-17 00:00:00,"2016-09-12","E. helvum",NA,"F","P","265",NA,9.25,6.25,2.22462355152433,1.83258146374831,0.00448519875433711,-0.0973997873291444
"3444640","4640","Accra Zoo",2016-05-17 00:00:00,"2016-09-12","E. helvum",NA,"F","P","190",NA,12.75,10.25,2.54553127160443,2.32727770558442,0.0570176365192812,0.00511709924189896
"1589231","9231","Accra Zoo",2016-05-24 00:00:00,"2016-09-12","E. helvum",NA,NA,NA,"225","UNK",10.25,10,2.32727770558442,2.30258509299405,0.0212896338677344,0
"3465863","5863","Accra Zoo",2016-05-24 00:00:00,"2016-09-12","E. helvum",NA,NA,NA,"230","121",8,8,2.07944154167984,2.07944154167984,-0.0192810256756701,-0.0462424821628572
"1685961","5961","Accra Zoo",2016-05-24 00:00:00,"2016-09-12","E. helvum",NA,"F","L","245","119.1",9.5,9.25,2.2512917986065,2.22462355152433,0.00885077783667924,-0.0161561253711768
"1591037","1037","Accra Zoo",2016-05-24 00:00:00,"2016-09-12","E. helvum","JUV",NA,NA,"270","126",13.5,14,2.60268968544438,2.63905732961526,0.0663744410768049,0.069727811127035
"5894900","4900","Accra Zoo",2016-05-24 00:00:00,"2016-09-12","E. helvum",NA,NA,NA,"185","UNK",5.75,5.75,1.74919985480926,1.74919985480926,-0.0733414292664233,-0.114679124067158
"3471369","1369","Accra Zoo",2016-05-24 00:00:00,"2016-09-12","E. helvum",NA,NA,NA,"235","122.1",16.5,8,2.80336038090653,2.07944154167984,0.0992241363660993,-0.0462424821628572
"1930890","890","Accra Zoo",2016-05-24 00:00:00,"2016-09-12","E. helvum",NA,NA,NA,"265","125.4",13,10.25,2.56494935746154,2.32727770558442,0.060196367733812,0.00511709924189896
"1684438","4438","Accra Zoo",2016-05-24 00:00:00,"2016-09-12","E. helvum",NA,NA,NA,"240","123",13.5,11,2.60268968544438,2.39789527279837,0.0663744410768049,0.019751318214588
"3467369","7369","Accra Zoo",2016-05-24 00:00:00,"2016-09-12","E. helvum",NA,NA,NA,"245","116.8",11.5,20.5,2.4423470353692,3.02042488614436,0.0401264272115165,0.1487593687339
"5896006","6006","Accra Zoo",2016-05-24 00:00:00,"2016-09-12","E. helvum",NA,NA,NA,"255","122.1",11,10.75,2.39789527279837,2.37490575457367,0.0328496952892944,0.0149871546070034
"3491475","1475","Accra Zoo",2016-05-24 00:00:00,"2016-09-12","E. helvum",NA,NA,NA,"235","117.5",10.25,9.5,2.32727770558442,2.2512917986065,0.0212896338677344,-0.0106296114623118
"1591879","1879","Accra Zoo",2016-05-24 00:00:00,"2016-09-12","E. helvum",NA,NA,NA,"150","108.1",8.5,8.25,2.14006616349627,2.11021320034659,-0.0093568045575237,-0.0398656101061102
"3463981","3981","Accra Zoo",2016-05-24 00:00:00,"2016-09-12","E. helvum",NA,NA,NA,"265","122.3",11,7.25,2.39789527279837,1.98100146886658,0.0328496952892944,-0.0666424143337283
"3478656","8656","Accra Zoo",2016-05-24 00:00:00,"2016-09-12","E. helvum",NA,NA,NA,"185","129.80000000000001",16.75,10.5,2.81839825827108,2.35137525716348,0.101685829579876,0.010110882806337
"3444640","4640","Accra Zoo",2016-05-24 00:00:00,"2016-09-12","E. helvum",NA,NA,NA,"195","117.4",10,7.5,2.30258509299405,2.01490302054226,0.0172474651912258,-0.0596169283206981
"1593800","3800","Accra Zoo",2016-05-24 00:00:00,"2016-09-12","E. helvum",NA,NA,NA,"280","125.4",17.75,19,2.87638551592142,2.94443897916644,0.111178315466212,0.13301265802969
"5904934",NA,"Accra Zoo",2018-04-09 23:00:00,"2018-04-10","E. helvum","A","F",NA,NA,NA,20.5,11.75,3.02042488614436,2.46385324059017,0.104438373320067,0.0746722854334997
"5897426",NA,"Accra Zoo",2018-04-09 23:00:00,"2018-04-10","E. helvum","A","F",NA,NA,NA,24,5,3.17805383034795,1.6094379124341,0.129845096653064,-0.0784452108461082
"5897090",NA,"Accra Zoo",2018-04-09 23:00:00,"2018-04-10","E. helvum","A","F",NA,"195",NA,122.5,7,4.80811102998478,1.94591014905531,0.392578647888709,-0.0181469170991715
NA,NA,"Accra Zoo",2018-04-09 23:00:00,"2018-04-10","E. helvum","Juv","F",NA,"100","94.4",42,25,3.73766961828337,3.2188758248682,0.220044289248615,0.209977872692457
"3585649",NA,"Accra Zoo",2018-04-09 23:00:00,"2018-04-10","E. helvum","A","F","pregnant","215","115.5",20.5,13,3.02042488614436,2.56494935746154,0.104438373320067,0.0927894513934567
"5897177",NA,"Accra Zoo",2018-04-09 23:00:00,"2018-04-10","E. helvum","A","F",NA,"170","120",22.5,11.25,3.11351530921037,2.42036812865043,0.119442740923615,0.0668794342916308
"3467369",NA,"Accra Zoo",2018-04-09 23:00:00,"2018-04-10","E. helvum","A","F",NA,"190","115.6",24.25,10,3.18841661738349,2.30258509299405,0.131515376591188,0.0457718500411959
NA,NA,"Accra Zoo",2018-04-09 23:00:00,"2018-04-10","E. helvum","Juv","M",NA,"150","99.5",23,14,3.13549421592915,2.63905732961526,0.122985313672466,0.106070143788133
"5897942",NA,"Accra Zoo",2018-04-09 23:00:00,"2018-04-10","E. helvum","A","F","pregnant","280","116.4",26.75,8.25,3.28653447334202,2.11021320034659,0.147330068702209,0.0112973953046258
"3461662",NA,"Accra Zoo",2018-04-09 23:00:00,"2018-04-10","E. helvum","A","F",NA,"250","120",21,6,3.04452243772342,1.79175946922805,0.10832243045859,-0.045771850041196
"5897475",NA,"Accra Zoo",2018-04-09 23:00:00,"2018-04-10","E. helvum","A","M",NA,"210","115",22,601,3.09104245335832,6.39859493453521,0.115820553171104,0.779806869083898
NA,NA,"Accra Zoo",2018-04-09 23:00:00,"2018-04-10","E. helvum","Juv","F",NA,"110","120",22.25,13.75,3.10234200861225,2.62103882411258,0.117641821946157,0.102841095387018
"1940184",NA,"Accra Zoo",2018-04-09 23:00:00,"2018-04-10","E. helvum","A","M",NA,"230","120.2",20.5,10,3.02042488614436,2.30258509299405,0.104438373320067,0.0457718500411959
"5897532",NA,"Accra Zoo",2018-04-09 23:00:00,"2018-04-10","E. helvum","A","M",NA,"190","117.6",36,31,3.58351893845611,3.43398720448515,0.195198194556092,0.24852741035031
"1602857",NA,"Accra Zoo",2018-04-09 23:00:00,"2018-04-10","E. helvum","A","F",NA,"220","114.4",24.75,10.5,3.2088254890147,2.35137525716348,0.134804890187136,0.054515405469698
"5896159",NA,"Accra Zoo",2018-04-09 23:00:00,"2018-04-10","E. helvum","A","F",NA,"230","105",18,9.5,2.89037175789616,2.2512917986065,0.083476335766068,0.0365797153102983
"3485524",NA,"Accra Zoo",2018-04-09 23:00:00,"2018-04-10","E. helvum","A","F",NA,"220","122.4",16.5,10.25,2.80336038090653,2.32727770558442,0.0694517922841079,0.0501969474052607
"5897122",NA,"Accra Zoo",2018-04-09 23:00:00,"2018-04-10","E. helvum","A","M",NA,"180","115.1",20.75,9.5,3.03254624667671,2.2512917986065,0.106392101139668,0.0365797153102983
"1681760",NA,"Accra Zoo",2018-04-09 23:00:00,"2018-04-10","E. helvum","A","M",NA,"180","117.1",24.5,10.25,3.19867311755068,2.32727770558442,0.133168525151113,0.0501969474052607
NA,NA,"Accra Zoo",2018-04-09 23:00:00,"2018-04-10","E. helvum","Juv","M",NA,"130","97.7",28.5,12.5,3.3499040872746,2.52572864430826,0.15754401930017,0.0857608118051531
"5896409",NA,"Accra Zoo",2018-04-09 23:00:00,"2018-04-10","E. helvum","A","M",NA,"200","116",16.75,8.25,2.81839825827108,2.11021320034659,0.0718756059539056,0.0112973953046258
NA,NA,"Accra Zoo",2018-04-09 23:00:00,"2018-04-10","E. helvum","Juv","F",NA,"105","91.8",27,12.25,3.29583686600433,2.50552593699074,0.148829433669097,0.0821403384117226
NA,NA,"Accra Zoo",2018-04-09 23:00:00,"2018-04-10","E. helvum","Juv","M",NA,"120","101.5",36.25,9.75,3.59043938130068,2.27726728500976,0.19631363548975,0.0412347130750222
"5896406",NA,"Accra Zoo",2018-04-09 23:00:00,"2018-04-10","E. helvum","A","M",NA,"185","119.3",23.75,12,3.16758253048065,2.484906649788,0.128157326554689,0.078445210846108
NA,NA,"Accra Zoo",2018-04-09 23:00:00,"2018-04-10","E. helvum","Juv","M",NA,"110","97.5",32.75,6,3.48890296208126,1.79175946922805,0.179947937398165,-0.045771850041196
"1682905",NA,"Accra Zoo",2018-04-09 23:00:00,"2018-04-10","E. helvum","A","F",NA,"230","118.1",30.5,27,3.41772668361337,3.29583686600433,0.168475704147839,0.223769855983847
"3591966",NA,"Accra Zoo",2018-04-09 23:00:00,"2018-04-10","E. helvum","A","M",NA,"220","120.4",13,17.25,2.56494935746154,2.84781214347737,0.0310245672410945,0.143480538219918
"5898050",NA,"Accra Zoo",2018-04-09 23:00:00,"2018-04-10","E. helvum","A","F","pregnant","185","114.1",16.75,9.75,2.81839825827108,2.27726728500976,0.0718756059539056,0.0412347130750222
NA,NA,"Accra Zoo",2018-04-09 23:00:00,"2018-04-10","E. helvum","Juv","M",NA,"125","102",20.25,8.5,3.00815479355255,2.14006616349627,0.102460672782101,0.0166472653542086
"5897975",NA,"Accra Zoo",2018-04-09 23:00:00,"2018-04-10","E. helvum","A","F",NA,"235","113.6",30.75,15.25,3.42588999425253,2.72457950305342,0.169791471223095,0.121396344807375
"1688229",NA,"Accra Zoo",2018-04-09 23:00:00,"2018-04-10","E. helvum","A","F",NA,"215","119.8",22.25,12,3.10234200861225,2.484906649788,0.117641821946157,0.078445210846108
"5895860",NA,"Accra Zoo",2018-04-09 23:00:00,"2018-04-10","E. helvum","A","M",NA,"215","117.2",24.5,14.5,3.19867311755068,2.67414864942653,0.133168525151113,0.11235876578915
"1924829",NA,"Accra Zoo",2018-04-09 23:00:00,"2018-04-10","E. helvum","A","F",NA,"175","121.4",23.5,13.25,3.15700042115011,2.58399755243223,0.126451696123686,0.0962030277028295
"1606353",NA,"Accra Zoo",2018-04-09 23:00:00,"2018-04-10","E. helvum","A","F",NA,"240","123.5",22.5,11.75,3.11351530921037,2.46385324059017,0.119442740923615,0.0746722854334997
"5895543",NA,"Accra Zoo",2018-04-09 23:00:00,"2018-04-10","E. helvum","A","F",NA,"200","119.2",31,23,3.43398720448515,3.13549421592915,0.17109658419704,0.195035276538353
"3450416",NA,"Accra Zoo",2018-04-09 23:00:00,"2018-04-10","E. helvum","A","M",NA,"255","122",19.5,12.5,2.9704144655697,2.52572864430826,0.096377665144123,0.0857608118051531
"1591879",NA,"Accra Zoo",2018-04-09 23:00:00,"2018-04-10","E. helvum","A","F",NA,"165","108.9",28,13.75,3.3322045101752,2.62103882411258,0.154691191345586,0.102841095387018
"3555977",NA,"Accra Zoo",2018-04-09 23:00:00,"2018-04-10","E. helvum","A","M",NA,"175","124.3",25.75,10.5,3.24843462710975,2.35137525716348,0.141189113707276,0.054515405469698
"1588106",NA,"Accra Zoo",2018-04-09 23:00:00,"2018-04-10","E. helvum","A","M",NA,"235","119.5",21,11.5,3.04452243772342,2.4423470353692,0.10832243045859,0.0708182156510485
"5897203",NA,"Accra Zoo",2018-04-09 23:00:00,"2018-04-10","E. helvum","A","F",NA,"215","121.8",27.75,9,3.32323584019244,2.19722457733622,0.153245615990957,0.0268904725276735
"3476475",NA,"Accra Zoo",2018-04-09 23:00:00,"2018-04-10","E. helvum","A","M",NA,"190","117.9",28.5,6,3.3499040872746,1.79175946922805,0.15754401930017,-0.045771850041196
"5903826",NA,"Accra Zoo",2018-04-09 23:00:00,"2018-04-10","E. helvum","SI","M",NA,"195","113.5",19,8,2.94443897916644,2.07944154167984,0.0921909213971414,0.00578288827723854
"3584766",NA,"Accra Zoo",2018-04-09 23:00:00,"2018-04-10","E. helvum","A","M",NA,"205","120",24,11.75,3.17805383034795,2.46385324059017,0.129845096653064,0.0746722854334997
"5902876",NA,"Accra Zoo",2018-04-09 23:00:00,"2018-04-10","E. helvum","A","F","pregnant","215","119.5",26.5,10,3.27714473299218,2.30258509299405,0.145816624985115,0.0457718500411959
"5900774",NA,"Accra Zoo",2018-04-09 23:00:00,"2018-04-10","E. helvum","A","M",NA,"230","125.4",23.5,17.75,3.15700042115011,2.87638551592142,0.126451696123686,0.148601096225754
"3463362",NA,"Accra Zoo",2018-04-09 23:00:00,"2018-04-10","E. helvum","A","M",NA,"240","115.9",25.5,11.5,3.23867845216438,2.4423470353692,0.139616607852609,0.0708182156510485
"1591037",NA,"Accra Zoo",2018-04-09 23:00:00,"2018-04-10","E. helvum","A","F",NA,"220","126.9",24,10.25,3.17805383034795,2.32727770558442,0.129845096653064,0.0501969474052607
"5907743",NA,"Accra Zoo",2018-04-09 23:00:00,"2018-04-10","E. helvum","A","F",NA,"160","111.4",239.75,10.5,5.47959671376355,2.35137525716348,0.500809094245067,0.054515405469698
"3586500",NA,"Accra Zoo",2018-04-09 23:00:00,"2018-04-10","E. helvum","A","M",NA,"215","116.5",22.5,13,3.11351530921037,2.56494935746154,0.119442740923615,0.0927894513934567
"5897200",NA,"Accra Zoo",2018-04-09 23:00:00,"2018-04-10","E. helvum","A","F",NA,"260","121.9",14.25,11,2.65675690671466,2.39789527279837,0.0458221605101456,0.0628521336230604
"3463981",NA,"Accra Zoo",2018-04-09 23:00:00,"2018-04-10","E. helvum","A","F","pregnant","190","121.5",13.75,5.25,2.62103882411258,1.65822807660353,0.0400650995386269,-0.069701655417606
"1685961",NA,"Accra Zoo",2018-04-09 23:00:00,"2018-04-10","E. helvum","A","F",NA,"185","119.3",13,6.5,2.56494935746154,1.87180217690159,0.0310245672410945,-0.0314276094938473
"5897775",NA,"Accra Zoo",2018-04-09 23:00:00,"2018-04-10","E. helvum","A","M",NA,"195","120",16.5,11.75,2.80336038090653,2.46385324059017,0.0694517922841079,0.0746722854334997
"1951534",NA,"Accra Zoo",2018-04-09 23:00:00,"2018-04-10","E. helvum","A","M",NA,"195","113.2",26.25,7.25,3.26766598903763,1.98100146886658,0.144288835616138,-0.0118582950981541
"5897001",NA,"Accra Zoo",2018-04-09 23:00:00,"2018-04-10","E. helvum","A","F","pregnant","200","115",18,11.5,2.89037175789616,2.4423470353692,0.083476335766068,0.0708182156510485
"3465863",NA,"Accra Zoo",2018-04-09 23:00:00,"2018-04-10","E. helvum","A","F",NA,"200","121.4",12.5,7.75,2.52572864430826,2.04769284336526,0.0247029502751059,9.3288575701854e-05
"5897249",NA,"Accra Zoo",2018-04-09 23:00:00,"2018-04-10","E. helvum","A","F","pregnant","240","123.3",15.75,7.5,2.75684036527164,2.01490302054226,0.0619536695715945,-0.0057828882772387
"5897965",NA,"Accra Zoo",2018-04-09 23:00:00,"2018-04-10","E. helvum","A","F",NA,"153","117.6",28.75,11.5,3.35863776724336,2.4423470353692,0.158951718830013,0.0708182156510485
"1926479",NA,"Accra Zoo",2018-04-09 23:00:00,"2018-04-10","E. helvum","A","M",NA,"245","118.1",18,12,2.89037175789616,2.484906649788,0.083476335766068,0.078445210846108
"5897013",NA,"Accra Zoo",2018-04-09 23:00:00,"2018-04-10","E. helvum","A","M",NA,"220","122.9",28.5,15,3.3499040872746,2.70805020110221,0.15754401930017,0.118434172610065
"1498793",NA,"Accra Zoo",2018-04-09 23:00:00,"2018-04-10","E. helvum","A","M",NA,"140","124.5",46.5,10.5,3.83945231259331,2.35137525716348,0.236449682100068,0.054515405469698
"3485870",NA,"Accra Zoo",2018-04-09 23:00:00,"2018-04-10","E. helvum","A","M",NA,"245","123.4",16,9.5,2.77258872223978,2.2512917986065,0.0644919987500353,0.0365797153102983
"5897729",NA,"Accra Zoo",2018-04-09 23:00:00,"2018-04-10","E. helvum","A","M",NA,"205","114",16.75,8.5,2.81839825827108,2.14006616349627,0.0718756059539056,0.0166472653542086
"1605574",NA,"Accra Zoo",2018-04-09 23:00:00,"2018-04-10","E. helvum","A","F",NA,"205","117.9",18.5,10,2.91777073208428,2.30258509299405,0.0878925180879282,0.0457718500411959
"5897596",NA,"Accra Zoo",2018-04-09 23:00:00,"2018-04-10","E. helvum","A","F","pregnant","235","118.6",22.75,13.75,3.12456514539696,2.62103882411258,0.121223759836645,0.102841095387018
"5902316",NA,"Accra Zoo",2018-04-09 23:00:00,"2018-04-10","E. helvum","A","M",NA,"210","119.1",13.5,9,2.60268968544438,2.19722457733622,0.0371075748790722,0.0268904725276735
"3581385",NA,"Accra Zoo",2018-04-09 23:00:00,"2018-04-10","E. helvum","A","F",NA,"200","125",14.75,7.5,2.69124308278583,2.01490302054226,0.0513806620828111,-0.0057828882772387
"3594197",NA,"Accra Zoo",2018-04-09 23:00:00,"2018-04-10","E. helvum","A","F",NA,"200","121.4",119.5,11.5,4.78331637137157,2.4423470353692,0.388582230639929,0.0708182156510485
"5896173",NA,"Accra Zoo",2018-04-09 23:00:00,"2018-04-10","E. helvum","A","F",NA,"234","117.4",18,6.75,2.89037175789616,1.90954250488444,0.083476335766068,-0.024664265790761
"5896939",NA,"Accra Zoo",2018-04-09 23:00:00,"2018-04-10","E. helvum","A","M",NA,"190","116.3",26,9.25,3.25809653802148,2.22462355152433,0.142746426031119,0.0318005697486206
"5897884",NA,"Accra Zoo",2018-04-09 23:00:00,"2018-04-10","E. helvum","A","M",NA,"225","123.9",108,11.75,4.68213122712422,2.46385324059017,0.372273151249145,0.0746722854334997
"3581625",NA,"Accra Zoo",2018-04-09 23:00:00,"2018-04-10","E. helvum","A","M",NA,"215","117.6",14,11,2.63905732961526,2.39789527279837,0.0429693325555617,0.0628521336230604
"5898663",NA,"Accra Zoo",2018-04-09 23:00:00,"2018-04-10","E. helvum","A","F",NA,"245","116.8",27.75,23.5,3.32323584019244,3.15700042115011,0.153245615990957,0.198889346320804
"5903706",NA,"Accra Zoo",2018-04-09 23:00:00,"2018-04-10","E. helvum","A","F","pregnant","205","121.6",15.5,10,2.7408400239252,2.30258509299405,0.0593747254070157,0.0457718500411959
"5897617",NA,"Accra Zoo",2018-04-09 23:00:00,"2018-04-10","E. helvum","A","M",NA,"225","124.2",19.5,14.75,2.9704144655697,2.69124308278583,0.096377665144123,0.115422213681574
"5896540",NA,"Accra Zoo",2018-04-09 23:00:00,"2018-04-10","E. helvum","A","M",NA,"230","118.4",14.5,7.75,2.67414864942653,2.04769284336526,0.0486253715421782,9.3288575701854e-05
"5898478",NA,"Accra Zoo",2018-04-09 23:00:00,"2018-04-10","E. helvum","A","F",NA,"235","113.7",17,11,2.83321334405622,2.39789527279837,0.0742635099495801,0.0628521336230604
"5899054",NA,"Accra Zoo",2018-04-09 23:00:00,"2018-04-10","E. helvum","A","M",NA,"210","115.8",74.75,8.75,4.3141492122708,2.16905370036952,0.312961599743574,0.0218420446647858
"3589588",NA,"Accra Zoo",2018-04-09 23:00:00,"2018-04-10","E. helvum","A","F",NA,"205","124",22.5,12.25,3.11351530921037,2.50552593699074,0.119442740923615,0.0821403384117226
"5898394",NA,"Accra Zoo",2018-04-09 23:00:00,"2018-04-10","E. helvum","A","M",NA,"220","112.1",16.25,11.25,2.78809290877575,2.42036812865043,0.066990972398642,0.0668794342916308
"3487502",NA,"Accra Zoo",2018-04-09 23:00:00,"2018-04-10","E. helvum","A","F",NA,"215","121.4",27.25,11.5,3.30505352110925,2.4423470353692,0.150314979407473,0.0708182156510485
"3582209",NA,"Accra Zoo",2018-04-09 23:00:00,"2018-04-10","E. helvum","A","F",NA,"200","116.9",19,13,2.94443897916644,2.56494935746154,0.0921909213971414,0.0927894513934567
"1589231",NA,"Accra Zoo",2018-04-09 23:00:00,"2018-04-10","E. helvum","A","F",NA,"290","115.5",16.5,13.5,2.80336038090653,2.60268968544438,0.0694517922841079,0.099552795096543
"5904041",NA,"Accra Zoo",2018-04-09 23:00:00,"2018-04-10","E. helvum","A","F",NA,"170","113",32.5,13.5,3.48124008933569,2.60268968544438,0.178712831188666,0.099552795096543
"3459901",NA,"Accra Zoo",2018-04-09 23:00:00,"2018-04-10","E. helvum","A","M",NA,"240","114.2",16.25,9.75,2.78809290877575,2.27726728500976,0.066990972398642,0.0412347130750222
"1933940",NA,"Accra Zoo",2018-04-09 23:00:00,"2018-04-10","E. helvum","A","F",NA,"254","119.4",24,9.75,3.17805383034795,2.27726728500976,0.129845096653064,0.0412347130750222
"1950832",NA,"Accra Zoo",2018-04-09 23:00:00,"2018-04-10","E. helvum","A","M",NA,"202","122.8",66,9.5,4.18965474202643,2.2512917986065,0.292895509864157,0.0365797153102983
"3486907",NA,"Accra Zoo",2018-04-09 23:00:00,"2018-04-10","E. helvum","A","F",NA,"240","126.2",1750,12,7.46737106691756,2.484906649788,0.82119970076835,0.078445210846108
"3470082",NA,"Accra Zoo",2018-04-09 23:00:00,"2018-04-10","E. helvum","A","F",NA,"200","125.1",19.75,15,2.98315349134713,2.70805020110221,0.0984309486010055,0.118434172610065
"5897731",NA,"Accra Zoo",2018-04-09 23:00:00,"2018-04-10","E. helvum","A","F",NA,"305","121.6",24.5,16.5,3.19867311755068,2.80336038090653,0.133168525151113,0.13551445619193
"3589968",NA,"Accra Zoo",2018-04-09 23:00:00,"2018-04-10","E. helvum","A","M",NA,"250","121",20.5,14.5,3.02042488614436,2.67414864942653,0.104438373320067,0.11235876578915
"1679675",NA,"Accra Zoo",2018-04-09 23:00:00,"2018-04-10","E. helvum","A","F","pregnant","200","117.1",28.5,11,3.3499040872746,2.39789527279837,0.15754401930017,0.0628521336230604
NA,NA,"Accra Zoo",2018-04-09 23:00:00,"2018-04-10","E. helvum","Juv","F",NA,"58","85.1",159,10.5,5.06890420222023,2.35137525716348,0.434613440468193,0.054515405469698
"3584751",NA,"Accra Zoo",2018-04-09 23:00:00,"2018-04-10","E. helvum","A","F",NA,"154","122.5",18.5,10,2.91777073208428,2.30258509299405,0.0878925180879282,0.0457718500411959
NA,NA,"Accra Zoo",2018-04-09 23:00:00,"2018-04-10","E. helvum","Juv","F",NA,"63","85.8",17.75,8,2.87638551592142,2.07944154167984,0.0812220252895503,0.00578288827723854
"1947739",NA,"Accra Zoo",2018-04-09 23:00:00,"2018-04-10","E. helvum","A","F","pregnant","210","113.1",17,10,2.83321334405622,2.30258509299405,0.0742635099495801,0.0457718500411959
"1607615",NA,"Accra Zoo",2018-04-09 23:00:00,"2018-04-10","E. helvum","A","M",NA,"165","106.6",37,14.5,3.61091791264422,2.67414864942653,0.199614376877952,0.11235876578915
"1593800",NA,"Accra Zoo",2018-04-09 23:00:00,"2018-04-10","E. helvum","A","F","pregnant","280","125.1",19,14.25,2.94443897916644,2.65675690671466,0.0921909213971414,0.109242037879168
"3444640",NA,"Accra Zoo",2018-04-09 23:00:00,"2018-04-10","E. helvum","A","F",NA,"265","116.8",18,7.5,2.89037175789616,2.01490302054226,0.083476335766068,-0.0057828882772387
"5896047",NA,"Accra Zoo",2018-04-09 23:00:00,"2018-04-10","E. helvum","A","F",NA,"255","117.4",16.75,16.5,2.81839825827108,2.80336038090653,0.0718756059539056,0.13551445619193
"5901733",NA,"Accra Zoo",2018-04-09 23:00:00,"2018-04-10","E. helvum","A","M",NA,"190","116.6",26,21.75,3.25809653802148,3.07961375753469,0.142746426031119,0.185021088358019
"3470474",NA,"Accra Zoo",2018-04-09 23:00:00,"2018-04-10","E. helvum","A","F",NA,"275","126.7",25.75,7.5,3.24843462710975,2.01490302054226,0.141189113707276,-0.0057828882772387
"1937628",NA,"Accra Zoo",2018-04-09 23:00:00,"2018-04-10","E. helvum","A","F",NA,"180",NA,34.25,12.75,3.53368656470823,2.54553127160443,0.187166184069468,0.089309587923078
NA,NA,"Accra Zoo",2018-04-09 23:00:00,"2018-04-10","E. helvum","Juv","M",NA,"90","95.8",48.25,9.5,3.876395827785,2.2512917986065,0.24240425899688,0.0365797153102983
"3471369",NA,"Accra Zoo",2018-04-09 23:00:00,"2018-04-10","E. helvum","A","F",NA,"260","121.4",31.5,11,3.44998754583159,2.39789527279837,0.173675528361619,0.0628521336230604
"1607828",NA,"Accra Zoo",2018-04-09 23:00:00,"2018-04-10","E. helvum","A","M",NA,"170","106.5",21.75,13.25,3.07961375753469,2.58399755243223,0.113978469445207,0.0962030277028295
NA,NA,"Accra Zoo",2018-04-09 23:00:00,"2018-04-10","E. helvum","Juv","F",NA,"75","89.7",44,7,3.78418963391826,1.94591014905531,0.227542411961128,-0.0181469170991715
"1925151",NA,"Accra Zoo",2018-04-09 23:00:00,"2018-04-10","E. helvum","A","M",NA,"200","112.2",33.75,12.5,3.51898041731854,2.52572864430826,0.184795838826644,0.0857608118051531
"5895437",NA,"Accra Zoo",2018-04-09 23:00:00,"2018-04-10","E. helvum","A","F",NA,"225","117.8",19,11.5,2.94443897916644,2.4423470353692,0.0921909213971414,0.0708182156510485
NA,NA,"Accra Zoo",2018-04-09 23:00:00,"2018-04-10","E. helvum","Juv","M",NA,"70","85",16,7.75,2.77258872223978,2.04769284336526,0.0644919987500353,9.3288575701854e-05
"5901145",NA,"Accra Zoo",2018-04-09 23:00:00,"2018-04-10","E. helvum","A","M",NA,"180","112.8",16.25,12,2.78809290877575,2.484906649788,0.066990972398642,0.078445210846108
"3582870",NA,"Accra Zoo",2018-04-09 23:00:00,"2018-04-10","E. helvum","A","M",NA,"195","119.1",34,8,3.52636052461616,2.07944154167984,0.185985368739604,0.00578288827723854
"1930778",NA,"Accra Zoo",2018-04-09 23:00:00,"2018-04-10","E. helvum","A","F",NA,"290","117.9",18,14.75,2.89037175789616,2.69124308278583,0.083476335766068,0.115422213681574
"5899288",NA,"Accra Zoo",2018-04-09 23:00:00,"2018-04-10","E. helvum","A","F",NA,"185","112.4",23.5,8.5,3.15700042115011,2.14006616349627,0.126451696123686,0.0166472653542086
NA,NA,"Accra Zoo",2018-04-09 23:00:00,"2018-04-10","E. helvum","Juv","F",NA,"75","89",30.25,12.25,3.40949618447685,2.50552593699074,0.167149107592172,0.0821403384117226
NA,NA,"Accra Zoo",2018-04-09 23:00:00,"2018-04-10","E. helvum","Juv","M",NA,"80","86.7",27.25,19,3.30505352110925,2.94443897916644,0.150314979407473,0.160796776197602
"5903451",NA,"Accra Zoo",2018-04-09 23:00:00,"2018-04-10","E. helvum","A","F",NA,"175","113.5",20.5,7.75,3.02042488614436,2.04769284336526,0.104438373320067,9.3288575701854e-05
"1940949",NA,"Accra Zoo",2018-04-09 23:00:00,"2018-04-10","E. helvum","A","F",NA,"180","122",9.75,8.5,2.27726728500976,2.14006616349627,-0.0153441936459012,0.0166472653542086
"5898337",NA,"Accra Zoo",2018-04-09 23:00:00,"2018-04-10","E. helvum","A","F",NA,"240","114",22,17,3.09104245335832,2.83321334405622,0.115820553171104,0.140864326241513
NA,NA,"Accra Zoo",2018-04-09 23:00:00,"2018-04-10","E. helvum","Juv","M",NA,"100","97.8",28,14.25,3.3322045101752,2.65675690671466,0.154691191345586,0.109242037879168
NA,NA,"Accra Zoo",2018-04-09 23:00:00,"2018-04-10","E. helvum","Juv","F",NA,"65","85.7",26.5,12.5,3.27714473299218,2.52572864430826,0.145816624985115,0.0857608118051531
"3460556",NA,"Accra Zoo",2018-04-09 23:00:00,"2018-04-10","E. helvum","A","M",NA,"240","121.1",37,19.5,3.61091791264422,2.9704144655697,0.199614376877952,0.165451773962326
"3459901",NA,"Accra Zoo",2019-02-26 00:00:00,"2019-07-05","E.helvum","A","M",NA,"210","114.6",18,7.5,2.89037175789616,2.01490302054226,0.0540609888512812,0.0155874163248111
"12063214",NA,"Accra Zoo",2019-02-26 00:00:00,"2019-07-05","E.helvum","SA","M",NA,"113","124",17,4.5,2.83321334405622,1.50407739677627,0.0447278858335238,-0.0661803919204623
"5895437",NA,"Accra Zoo",2019-02-26 00:00:00,"2019-07-05","E.helvum","A","F",NA,"240","115.7",16,7,2.77258872223978,1.94591014905531,0.0348288035670052,0.00454373405130761
"3581385",NA,"Accra Zoo",2019-02-26 00:00:00,"2019-07-05","E.helvum","A","F",NA,"220","121.7",17,7,2.83321334405622,1.94591014905531,0.0447278858335238,0.00454373405130761
"12063243",NA,"Accra Zoo",2019-02-26 00:00:00,"2019-07-05","E.helvum","SA","F",NA,"160","109",19.75,5,2.98315349134713,1.6094379124341,0.069210840260537,-0.0493153443580111
"5899054",NA,"Accra Zoo",2019-02-26 00:00:00,"2019-07-05","E.helvum","SA","M",NA,"200","118.1",33,7.25,3.49650756146648,1.98100146886658,0.153033782486067,0.0101607982233194
"3585649",NA,"Accra Zoo",2019-02-26 00:00:00,"2019-07-05","E.helvum","A","F",NA,"190","117",18.5,8,2.91777073208428,2.07944154167984,0.0585348262358278,0.0259180911682248
"12062797",NA,"Accra Zoo",2019-02-26 00:00:00,"2019-07-05","E.helvum","A","M",NA,"220","120",20.5,6.5,3.02042488614436,1.87180217690159,0.0752966943612495,-0.00731872189175511
"5897203",NA,"Accra Zoo",2019-02-26 00:00:00,"2019-07-05","E.helvum","SA","F",NA,"225","121",22.5,5.5,3.11351530921037,1.70474809223843,0.0904969501079279,-0.0340590530846651
"12063052",NA,"Accra Zoo",2019-02-26 00:00:00,"2019-07-05","E.helvum","A","F",NA,"195","118",16,5,2.77258872223978,1.6094379124341,0.0348288035670052,-0.0493153443580111
"5903706",NA,"Accra Zoo",2019-02-26 00:00:00,"2019-07-05","E.helvum","SA","F",NA,"205","125.6",21.5,8.75,3.06805293513362,2.16905370036952,0.0830736331859729,0.0402623007522375
"1589231",NA,"Accra Zoo",2019-02-26 00:00:00,"2019-07-05","E.helvum","A","F",NA,"210","114.5",16,4.75,2.77258872223978,1.55814461804655,0.0348288035670052,-0.0575258570351725
"4421236",NA,"Accra Zoo",2019-02-26 00:00:00,"2019-07-05","E.helvum","SA","M",NA,"195","117.5",21.75,6,3.07961375753469,1.79175946922805,0.0849613403351141,-0.0201311503761188
"1924829",NA,"Accra Zoo",2019-02-26 00:00:00,"2019-07-05","E.helvum","A","F",NA,"215","121",17.5,7.5,2.86220088092947,2.01490302054226,0.0494611114374859,0.0155874163248111
"5903451",NA,"Accra Zoo",2019-02-26 00:00:00,"2019-07-05","E.helvum","A","M",NA,"210","117.4",20.5,6.5,3.02042488614436,1.87180217690159,0.0752966943612495,-0.00731872189175511
"3594197",NA,"Accra Zoo",2019-02-26 00:00:00,"2019-07-05","E.helvum","SA","F",NA,"210","123.2",45.25,5,3.81220267014594,1.6094379124341,0.204582010884388,-0.0493153443580111
"12063183",NA,"Accra Zoo",2019-02-26 00:00:00,"2019-07-05","E.helvum","SA","F",NA,"175","107.9",13.5,4.5,2.60268968544438,1.50407739677627,0.00708686486539373,-0.0661803919204623
"1925151",NA,"Accra Zoo",2019-02-26 00:00:00,"2019-07-05","E.helvum","A","M",NA,"180","114.2",26.25,5.5,3.26766598903763,1.70474809223843,0.115667420707649,-0.0340590530846651
"4415669",NA,"Accra Zoo",2019-02-26 00:00:00,"2019-07-05","E.helvum","SA","F",NA,"190","114.5",11.5,6.25,2.4423470353692,1.83258146374831,-0.0190946606661275,-0.0135967776570812
"5897475",NA,"Accra Zoo",2019-02-26 00:00:00,"2019-07-05","E.helvum","A","M",NA,"205","116",18.5,461,2.91777073208428,6.13339804299665,0.0585348262358278,0.674834516680594
"5898337",NA,"Accra Zoo",2019-02-26 00:00:00,"2019-07-05","E.helvum","A","F",NA,"205","114.2",19,6.5,2.94443897916644,1.87180217690159,0.0628893469546456,-0.00731872189175511
"12065634",NA,"Accra Zoo",2019-02-26 00:00:00,"2019-07-05","E.helvum","SA","M",NA,"145","110.7",18.5,6.25,2.91777073208428,1.83258146374831,0.0585348262358278,-0.0135967776570812
"5902316",NA,"Accra Zoo",2019-02-26 00:00:00,"2019-07-05","E.helvum","A","M",NA,"235","120.3",19.5,4,2.9704144655697,1.38629436111989,0.0671307503500727,-0.0850339110589409
"3584766",NA,"Accra Zoo",2019-02-26 00:00:00,"2019-07-05","E.helvum","A","M",NA,"210","120.5",15,6.5,2.70805020110221,1.87180217690159,0.0242906408377645,-0.00731872189175511
"12062095",NA,"Accra Zoo",2019-02-26 00:00:00,"2019-07-05","E.helvum","A","F",NA,"200","110.7",18.5,8,2.91777073208428,2.07944154167984,0.0585348262358278,0.0259180911682248
"5898394",NA,"Accra Zoo",2019-02-26 00:00:00,"2019-07-05","E.helvum","A","M",NA,"205","114.2",19,6.5,2.94443897916644,1.87180217690159,0.0628893469546456,-0.00731872189175511
"5897177",NA,"Accra Zoo",2019-02-26 00:00:00,"2019-07-05","E.helvum","A","F",NA,"176","124",20,5,2.99573227355399,1.6094379124341,0.0712647648236519,-0.0493153443580111
"5897200",NA,"Accra Zoo",2019-02-26 00:00:00,"2019-07-05","E.helvum","A","F",NA,"260","122.2",22.25,6.5,3.10234200861225,1.87180217690159,0.0886725193981697,-0.00731872189175511
"3487502",NA,"Accra Zoo",2019-02-26 00:00:00,"2019-07-05","E.helvum","A","F",NA,"210","122.2",61.5,6,4.11903717481247,1.79175946922805,0.254683436887464,-0.0201311503761188
"3589588",NA,"Accra Zoo",2019-02-26 00:00:00,"2019-07-05","E.helvum","A","F",NA,"190","123.2",18,7,2.89037175789616,1.94591014905531,0.0540609888512812,0.00454373405130761
"3584751",NA,"Accra Zoo",2019-02-26 00:00:00,"2019-07-05","E.helvum","A","F",NA,"190","123.4",18.5,5,2.91777073208428,1.6094379124341,0.0585348262358278,-0.0493153443580111
"5897001",NA,"Accra Zoo",2019-02-26 00:00:00,"2019-07-05","E.helvum","A","F",NA,"200","114.9",22.5,4.5,3.11351530921037,1.50407739677627,0.0904969501079279,-0.0661803919204623
"1937628",NA,"Accra Zoo",2019-02-26 00:00:00,"2019-07-05","E.helvum","A","F",NA,"220","117.5",27.5,6,3.31418600467253,1.79175946922805,0.12326343447255,-0.0201311503761188
"3555977",NA,"Accra Zoo",2019-02-26 00:00:00,"2019-07-05","E.helvum","A","M",NA,"210","124.6",24.25,6.5,3.18841661738349,1.87180217690159,0.102727198961613,-0.00731872189175511
"1591037",NA,"Accra Zoo",2019-02-26 00:00:00,"2019-07-05","E.helvum","A","F",NA,"220","126.6",21.5,6.5,3.06805293513362,1.87180217690159,0.0830736331859729,-0.00731872189175511
"1685961",NA,"Accra Zoo",2019-02-26 00:00:00,"2019-07-05","E.helvum","A","F",NA,"220","119",19,5.75,2.94443897916644,1.74919985480926,0.0628893469546456,-0.026943663744444
"3589968",NA,"Accra Zoo",2019-02-26 00:00:00,"2019-07-05","E.helvum","A","M",NA,"235","120.5",20.75,5,3.03254624667671,1.6094379124341,0.0772759288949532,-0.0493153443580111
"12063724",NA,"Accra Zoo",2019-02-26 00:00:00,"2019-07-05","E.helvum","SA","F",NA,"175","116.4",17.75,3.5,2.87638551592142,1.25276296849537,0.0517772474313907,-0.106408268175858
"4407321",NA,"Accra Zoo",2019-02-26 00:00:00,"2019-07-05","E.helvum","SA","M",NA,"170","111.5",22.5,5,3.11351530921037,1.6094379124341,0.0904969501079279,-0.0493153443580111
"4402660",NA,"Accra Zoo",2019-02-26 00:00:00,"2019-07-05","E.helvum","SA","M",NA,"170","116.5",15,5.75,2.70805020110221,1.74919985480926,0.0242906408377645,-0.026943663744444
"5897729",NA,"Accra Zoo",2019-02-26 00:00:00,"2019-07-05","E.helvum","A","M",NA,"190","114.8",18.5,6.5,2.91777073208428,1.87180217690159,0.0585348262358278,-0.00731872189175511
"5897013",NA,"Accra Zoo",2019-02-26 00:00:00,"2019-07-05","E.helvum","A","M",NA,"225","120.2",19.5,4.5,2.9704144655697,1.50407739677627,0.0671307503500727,-0.0661803919204623
"3467369",NA,"Accra Zoo",2019-02-26 00:00:00,"2019-07-05","E.helvum","A","F",NA,"210","117.6",17.5,6.25,2.86220088092947,1.83258146374831,0.0494611114374859,-0.0135967776570812
"1933940",NA,"Accra Zoo",2019-02-26 00:00:00,"2019-07-05","E.helvum","A","M",NA,"205","120",16.25,4.5,2.78809290877575,1.50407739677627,0.037360402336556,-0.0661803919204623
"1607829",NA,"Accra Zoo",2019-02-26 00:00:00,"2019-07-05","E.helvum","A","M",NA,"180","107.4",18.5,3.75,2.91777073208428,1.32175583998232,0.0585348262358278,-0.0953645859023547
"12064435",NA,"Accra Zoo",2019-02-26 00:00:00,"2019-07-05","E.helvum","SA","M",NA,"150","102.4",17.25,4.5,2.84781214347737,1.50407739677627,0.047111648604036,-0.0661803919204623
"1602857",NA,"Accra Zoo",2019-02-26 00:00:00,"2019-07-05","E.helvum","A","F",NA,"240","113.6",67.5,11.5,4.21212759787848,2.4423470353692,0.269883692634142,0.0840083384827218
"1933940",NA,"Accra Zoo",2019-02-26 00:00:00,"2019-07-05","E.helvum","A","M",NA,"235","123.2",16,7,2.77258872223978,1.94591014905531,0.0348288035670052,0.00454373405130761
"5897979",NA,"Accra Zoo",2019-02-26 00:00:00,"2019-07-05","E.helvum","A","F",NA,"130","114",34.5,9,3.54095932403731,2.19722457733622,0.160292081860087,0.0447716103067035
"5897122",NA,"Accra Zoo",2019-02-26 00:00:00,"2019-07-05","E.helvum","A","M",NA,"200","115.1",13.5,7,2.60268968544438,1.94591014905531,0.00708686486539373,0.00454373405130761
"5899288",NA,"Accra Zoo",2019-02-26 00:00:00,"2019-07-05","E.helvum","A","F",NA,"212","113.4",12,6,2.484906649788,1.79175946922805,-0.0121453204188822,-0.0201311503761188
"12064084",NA,"Accra Zoo",2019-02-26 00:00:00,"2019-07-05","E.helvum","SA","M",NA,"185","113.6",12.25,8,2.50552593699074,2.07944154167984,-0.0087785032053269,0.0259180911682248
"5896409",NA,"Accra Zoo",2019-02-26 00:00:00,"2019-07-05","E.helvum","A","M",NA,"235","118.8",17,7.5,2.83321334405622,2.01490302054226,0.0447278858335238,0.0155874163248111
"4407893",NA,"Accra Zoo",2019-02-26 00:00:00,"2019-07-05","E.helvum","SA","M",NA,"100","103.4",14,5.5,2.63905732961526,1.70474809223843,0.0130251501808391,-0.0340590530846651
"3460556",NA,"Accra Zoo",2019-02-26 00:00:00,"2019-07-05","E.helvum","A","M",NA,"215","120.5",14.75,7.5,2.69124308278583,2.01490302054226,0.0215462930481694,0.0155874163248111
"5897942",NA,"Accra Zoo",2019-02-26 00:00:00,"2019-07-05","E.helvum","A","F",NA,"240","117.6",16,7,2.77258872223978,1.94591014905531,0.0348288035670052,0.00454373405130761
"3463362",NA,"Accra Zoo",2019-02-26 00:00:00,"2019-07-05","E.helvum","A","M",NA,"210","115.4",13,7.5,2.56494935746154,2.01490302054226,0.000924441079909293,0.0155874163248111
"1951534",NA,"Accra Zoo",2019-02-26 00:00:00,"2019-07-05","E.helvum","A","M",NA,"200","111.5",15.5,6,2.7408400239252,1.79175946922805,0.0296447221318661,-0.0201311503761188
"4437457",NA,"Accra Zoo",2019-02-26 00:00:00,"2019-07-05","E.helvum","SA","F",NA,"225","117.5",16,5.5,2.77258872223978,1.70474809223843,0.0348288035670052,-0.0340590530846651
"4414772",NA,"Accra Zoo",2019-02-26 00:00:00,"2019-07-05","E.helvum","A","M",NA,"220","117",14,9,2.63905732961526,2.19722457733622,0.0130251501808391,0.0447716103067035
"6898478",NA,"Accra Zoo",2019-02-26 00:00:00,"2019-07-05","E.helvum","A","F",NA,"215","115.3",15,7.5,2.70805020110221,2.01490302054226,0.0242906408377645,0.0155874163248111
"5897426",NA,"Accra Zoo",2019-02-26 00:00:00,"2019-07-05","E.helvum","A","F",NA,"225","121",12,7.75,2.484906649788,2.04769284336526,-0.0121453204188822,0.020836080096257
"1605574",NA,"Accra Zoo",2019-02-26 00:00:00,"2019-07-05","E.helvum","A","F",NA,"210","117.5",16,8,2.77258872223978,2.07944154167984,0.0348288035670052,0.0259180911682248
"5895894",NA,"Accra Zoo",2019-02-26 00:00:00,"2019-07-05","E.helvum","A","M",NA,"190","112.8",14.5,4,2.67414864942653,1.38629436111989,0.0187550310649506,-0.0850339110589409
"3582209",NA,"Accra Zoo",2019-02-26 00:00:00,"2019-07-05","E.helvum","A","F",NA,"195","116.2",17.5,7.75,2.86220088092947,2.04769284336526,0.0494611114374859,0.020836080096257
"1588106",NA,"Accra Zoo",2019-02-26 00:00:00,"2019-07-05","E.helvum","A","M",NA,"220","128.7",13,6,2.56494935746154,1.79175946922805,0.000924441079909293,-0.0201311503761188
"5896006",NA,"Accra Zoo",2019-02-26 00:00:00,"2019-07-05","E.helvum","A","F",NA,"170","121.6",14.75,6,2.69124308278583,1.79175946922805,0.0215462930481694,-0.0201311503761188
"3581625",NA,"Accra Zoo",2019-02-26 00:00:00,"2019-07-05","E.helvum","A","M",NA,"200","117.5",13.5,5.5,2.60268968544438,1.70474809223843,0.00708686486539373,-0.0340590530846651
"12064175",NA,"Accra Zoo",2019-02-26 00:00:00,"2019-07-05","E.helvum","SA","F",NA,"150","108.3",11.5,6.25,2.4423470353692,1.83258146374831,-0.0190946606661275,-0.0135967776570812
"12063632",NA,"Accra Zoo",2019-02-26 00:00:00,"2019-07-05","E.helvum","A","F",NA,"280","119.5",17.5,5.5,2.86220088092947,1.70474809223843,0.0494611114374859,-0.0340590530846651
"3485524",NA,"Accra Zoo",2019-02-26 00:00:00,"2019-07-05","E.helvum","A","F",NA,"245","122.3",12.5,6.75,2.52572864430826,1.90954250488444,-0.0054797071757522,-0.00127763123764014
"5895543",NA,"Accra Zoo",2019-02-26 00:00:00,"2019-07-05","E.helvum","A","F",NA,"210","121.2",13,6.25,2.56494935746154,1.83258146374831,0.000924441079909293,-0.0135967776570812
"5907743",NA,"Accra Zoo",2019-02-26 00:00:00,"2019-07-05","E.helvum","A","F",NA,"120","110.9",26,6,3.25809653802148,1.79175946922805,0.11410487433596,-0.0201311503761188
"5903088",NA,"Accra Zoo",2019-02-26 00:00:00,"2019-07-05","E.helvum","A","M",NA,"215","118.1",13.5,9,2.60268968544438,2.19722457733622,0.00708686486539373,0.0447716103067035
"5897884",NA,"Accra Zoo",2019-02-26 00:00:00,"2019-07-05","E.helvum","A","F",NA,"230","123.9",31,6,3.43398720448515,1.79175946922805,0.142825155387917,-0.0201311503761188
"12063531",NA,"Accra Zoo",2019-02-26 00:00:00,"2019-07-05","E.helvum","SA","F",NA,"150","108.3",12,7.75,2.484906649788,2.04769284336526,-0.0121453204188822,0.020836080096257
"3470082",NA,"Accra Zoo",2019-02-26 00:00:00,"2019-07-05","E.helvum","A","F",NA,"200","126.4",14.5,8.25,2.67414864942653,2.11021320034659,0.0187550310649506,0.030843707598157
"12063153",NA,"Accra Zoo",2019-02-26 00:00:00,"2019-07-05","E.helvum","SA","M",NA,"180","112",12.5,7,2.52572864430826,1.94591014905531,-0.0054797071757522,0.00454373405130761
"5896173",NA,"Accra Zoo",2019-02-26 00:00:00,"2019-07-05","E.helvum","A","F",NA,"200","118.1",12,8.5,2.484906649788,2.14006616349627,-0.0121453204188822,0.0356222685254268
"5897731",NA,"Accra Zoo",2019-02-26 00:00:00,"2019-07-05","E.helvum","A","F",NA,"230","121.3",17,7.5,2.83321334405622,2.01490302054226,0.0447278858335238,0.0155874163248111
"3461662",NA,"Accra Zoo",2019-02-26 00:00:00,"2019-07-05","E.helvum","SA","F",NA,"205","121.5",12.5,6.5,2.52572864430826,1.87180217690159,-0.0054797071757522,-0.00731872189175511
"5898663",NA,"Accra Zoo",2019-02-26 00:00:00,"2019-07-05","E.helvum","SA","F",NA,"210","116.4",11.25,6.5,2.42036812865043,1.87180217690159,-0.022683483148123,-0.00731872189175511
"1688229",NA,"Accra Zoo",2019-02-26 00:00:00,"2019-07-05","E.helvum","A","F",NA,"205","123.5",14,6.5,2.63905732961526,1.87180217690159,0.0130251501808391,-0.00731872189175511
"5896047",NA,"Accra Zoo",2019-02-26 00:00:00,"2019-07-05","E.helvum","A","F",NA,"200","116.8",13.75,8.25,2.62103882411258,2.11021320034659,0.0100830012164991,0.030843707598157
"3444640",NA,"Accra Zoo",2019-02-26 00:00:00,"2019-07-05","E.helvum","A","F",NA,"170","116.4",13.25,5.5,2.58399755243223,1.70474809223843,0.0040347227343587,-0.0340590530846651
"5896159",NA,"Accra Zoo",2019-02-26 00:00:00,"2019-07-05","E.helvum","A","F",NA,"195","107.3",16.5,7.25,2.80336038090653,1.98100146886658,0.0398533492300158,0.0101607982233194
"4431225",NA,"Accra Zoo",2019-02-26 00:00:00,"2019-07-05","E.helvum","A","M",NA,"223","116.5",14.5,9,2.67414864942653,2.19722457733622,0.0187550310649506,0.0447716103067035
"3591966",NA,"Accra Zoo",2019-02-26 00:00:00,"2019-07-05","E.helvum","A","M",NA,"85","123",17.5,4.5,2.86220088092947,1.50407739677627,0.0494611114374859,-0.0661803919204623
"3463981",NA,"Accra Zoo",2019-02-26 00:00:00,"2019-07-05","E.helvum","A","F",NA,"145","121.8",15.75,7.75,2.75684036527164,2.04769284336526,0.0322573354651152,0.020836080096257
"3476475",NA,"Accra Zoo",2019-02-26 00:00:00,"2019-07-05","E.helvum","SA","M",NA,"165","117.2",11.25,8,2.42036812865043,2.07944154167984,-0.022683483148123,0.0259180911682248
"1591879",NA,"Accra Zoo",2019-02-26 00:00:00,"2019-07-05","E.helvum","SA","F",NA,"145","109.7",11,5.5,2.39789527279837,1.70474809223843,-0.0263529600401476,-0.0340590530846651
"4424293",NA,"Accra Zoo",2019-02-26 00:00:00,"2019-07-05","E.helvum","SA","F",NA,"60","110.5",11.5,6,2.4423470353692,1.79175946922805,-0.0190946606661275,-0.0201311503761188
"4415721",NA,"Accra Zoo",2019-02-26 00:00:00,"2019-07-05","E.helvum","SA","M",NA,"95","112.5",13.5,8,2.60268968544438,2.07944154167984,0.00708686486539373,0.0259180911682248
"5896939",NA,"Accra Zoo",2019-02-26 00:00:00,"2019-07-05","E.helvum","A","M",NA,"190","117.5",16.5,6,2.80336038090653,1.79175946922805,0.0398533492300158,-0.0201311503761188
"1679675",NA,"Accra Zoo",2019-02-26 00:00:00,"2019-07-05","E.helvum","A","F",NA,"240","113.5",73.75,8,4.30068099521993,2.07944154167984,0.284343120816918,0.0259180911682248
"12063784",NA,"Accra Zoo",2019-02-26 00:00:00,"2019-07-05","E.helvum","SA","F",NA,"150","111.6",12.75,7,2.54553127160443,1.94591014905531,-0.00224623815236367,0.00454373405130761
"5901145",NA,"Accra Zoo",2019-02-26 00:00:00,"2019-07-05","E.helvum","A","M",NA,"210","124.7",12,4.5,2.484906649788,1.50407739677627,-0.0121453204188822,-0.0661803919204623
"1498793",NA,"Accra Zoo",2019-02-26 00:00:00,"2019-07-05","E.helvum","A","M",NA,"180","124.4",10,8.5,2.30258509299405,2.14006616349627,-0.0419156684323989,0.0356222685254268
"5902876",NA,"Accra Zoo",2019-02-26 00:00:00,"2019-07-05","E.helvum","A","F",NA,"200","128.6",14,7.5,2.63905732961526,2.01490302054226,0.0130251501808391,0.0155874163248111
"1947739",NA,"Accra Zoo",2019-02-26 00:00:00,"2019-07-05","E.helvum","A","F",NA,"205","112.1",10.5,7.25,2.35137525716348,1.98100146886658,-0.0339489738050483,0.0101607982233194
"3471369",NA,"Accra Zoo",2019-02-26 00:00:00,"2019-07-05","E.helvum","A","F","Pregnant","295","120.5",12,5.5,2.484906649788,1.70474809223843,-0.0121453204188822,-0.0340590530846651
"12063672",NA,"Accra Zoo",2019-02-26 00:00:00,"2019-07-05","E.helvum","SA","F",NA,"155","110.7",10,5.75,2.30258509299405,1.74919985480926,-0.0419156684323989,-0.026943663744444
"4433161",NA,"Accra Zoo",2019-02-26 00:00:00,"2019-07-05","E.helvum","A","F",NA,"170","121.3",12.75,7.5,2.54553127160443,2.01490302054226,-0.00224623815236367,0.0155874163248111
"4417111",NA,"Accra Zoo",2019-02-26 00:00:00,"2019-07-05","E.helvum","A","M",NA,"195","123",8.5,5.25,2.14006616349627,1.65822807660353,-0.0684525474225271,-0.041505507493036
"3582870",NA,"Accra Zoo",2019-02-26 00:00:00,"2019-07-05","E.helvum","A","M",NA,"200","118.5",12,4.5,2.484906649788,1.50407739677627,-0.0121453204188822,-0.0661803919204623
"12070730",NA,"Accra Zoo",2019-02-26 00:00:00,"2019-07-05","E.helvum","SA","M",NA,"170","98.7",16.25,8.5,2.78809290877575,2.14006616349627,0.037360402336556,0.0356222685254268
"5897532",NA,"Accra Zoo",2019-02-26 00:00:00,"2019-07-05","E.helvum","A","M",NA,"140","118.8",8,9,2.07944154167984,2.19722457733622,-0.0783516296890457,0.0447716103067035
"12068274",NA,"Accra Zoo",2019-02-26 00:00:00,"2019-07-05","E.helvum","SA","M",NA,"105","108.5",11.5,6.25,2.4423470353692,1.83258146374831,-0.0190946606661275,-0.0135967776570812
"4418971",NA,"Accra Zoo",2019-02-26 00:00:00,"2019-07-05","E.helvum","A","M",NA,"220","119.3",11,6.5,2.39789527279837,1.87180217690159,-0.0263529600401476,-0.00731872189175511
"5903826",NA,"Accra Zoo",2019-02-26 00:00:00,"2019-07-05","E.helvum","A","M",NA,"200","115.8",12.5,7.5,2.52572864430826,2.01490302054226,-0.0054797071757522,0.0155874163248111
"1593800",NA,"Accra Zoo",2019-02-26 00:00:00,"2019-07-05","E.helvum","A","F",NA,"219","124.9",13.5,7.5,2.60268968544438,2.01490302054226,0.00708686486539373,0.0155874163248111
"4427802",NA,"Accra Zoo",2019-02-26 00:00:00,"2019-07-05","E.helvum","A","M",NA,"195","112.2",11.5,7.25,2.4423470353692,1.98100146886658,-0.0190946606661275,0.0101607982233194
"4418773",NA,"Accra Zoo",2019-02-26 00:00:00,"2019-07-05","E.helvum","A","F",NA,"200","114.1",11.5,7.5,2.4423470353692,2.01490302054226,-0.0190946606661275,0.0155874163248111
"5901733",NA,"Accra Zoo",2019-02-26 00:00:00,"2019-07-05","E.helvum","A","M",NA,"195","117.8",10.5,3.5,2.35137525716348,1.25276296849537,-0.0339489738050483,-0.106408268175858
"5897090",NA,"Accra Zoo",2019-02-26 00:00:00,"2019-07-05","E.helvum","A","F",NA,"185","121.3",28.75,5.75,3.35863776724336,1.74919985480926,0.13052173384657,-0.026943663744444
"12061432",NA,"Accra Zoo",2019-02-26 00:00:00,"2019-07-05","E.helvum","SA","F",NA,"150","110.4",12.5,8.5,2.52572864430826,2.14006616349627,-0.0054797071757522,0.0356222685254268
"12064522",NA,"Accra Zoo",2019-02-26 00:00:00,"2019-07-05","E.helvum","SA","F",NA,"134","108.9",13.5,7.5,2.60268968544438,2.01490302054226,0.00708686486539373,0.0155874163248111
"4419817",NA,"Accra Zoo",2019-02-26 00:00:00,"2019-07-05","E.helvum","SA","M",NA,"170","113.6",10.5,7,2.35137525716348,1.94591014905531,-0.0339489738050483,0.00454373405130761
"1940949",NA,"Accra Zoo",2019-02-26 00:00:00,"2019-07-05","E.helvum","A","F",NA,"185","122.4",17.5,5.5,2.86220088092947,1.70474809223843,0.0494611114374859,-0.0340590530846651
"5897596",NA,"Accra Zoo",2019-02-26 00:00:00,"2019-07-05","E.helvum","A","F",NA,"206","118",13.5,7,2.60268968544438,1.94591014905531,0.00708686486539373,0.00454373405130761
"5898050",NA,"Accra Zoo",2019-02-26 00:00:00,"2019-07-05","E.helvum","A","F",NA,"211","111.5",10.5,6.5,2.35137525716348,1.87180217690159,-0.0339489738050483,-0.00731872189175511
"12063654",NA,"Accra Zoo",2019-02-26 00:00:00,"2019-07-05","E.helvum","SA","F",NA,"110","101",12.5,7.75,2.52572864430826,2.04769284336526,-0.0054797071757522,0.020836080096257
"12062181",NA,"Accra Zoo",2019-02-26 00:00:00,"2019-07-05","E.helvum","SA","M",NA,"150","100",11,6,2.39789527279837,1.79175946922805,-0.0263529600401476,-0.0201311503761188
"12064970",NA,"Accra Zoo",2019-02-26 00:00:00,"2019-07-05","E.helvum","SA","F",NA,"180","112",13,8.5,2.56494935746154,2.14006616349627,0.000924441079909293,0.0356222685254268
"4420395",NA,"Accra Zoo",2019-02-26 00:00:00,"2019-07-05","E.helvum","A","M",NA,"220","115.3",12,6.5,2.484906649788,1.87180217690159,-0.0121453204188822,-0.00731872189175511
"12063497",NA,"Accra Zoo",2019-02-26 00:00:00,"2019-07-05","E.helvum","SA","F",NA,"110","101.9",14.25,6,2.65675690671466,1.79175946922805,0.0159152229687581,-0.0201311503761188
"5897249",NA,"Accra Zoo",2019-02-26 00:00:00,"2019-07-05","E.helvum","A","F",NA,"220","124.8",11.5,7,2.4423470353692,1.94591014905531,-0.0190946606661275,0.00454373405130761
"12070627",NA,"Accra Zoo",2019-02-26 00:00:00,"2019-07-05","E.helvum","SA","M",NA,"160","111.5",15,7.5,2.70805020110221,2.01490302054226,0.0242906408377645,0.0155874163248111
"12069729",NA,"Accra Zoo",2019-02-26 00:00:00,"2019-07-05","E.helvum","SA","M",NA,"145","108",11,5.5,2.39789527279837,1.70474809223843,-0.0263529600401476,-0.0340590530846651
"4400451",NA,"Accra Zoo",2019-02-26 00:00:00,"2019-07-05","E.helvum","SA","M",NA,"185","114",50.5,5.75,3.92197333628131,1.74919985480926,0.222505897615012,-0.026943663744444
"12070974",NA,"Accra Zoo",2019-02-26 00:00:00,"2019-07-05","E.helvum","SA","F",NA,"140","105.6",9,4.5,2.19722457733622,1.50407739677627,-0.0591194444047697,-0.0661803919204623
"12070425",NA,"Accra Zoo",2019-02-26 00:00:00,"2019-07-05","E.helvum","SA","F",NA,"130","102.6",9.75,5.5,2.27726728500976,1.70474809223843,-0.0460496829059782,-0.0340590530846651
"12068180",NA,"Accra Zoo",2019-02-26 00:00:00,"2019-07-05","E.helvum","SA","M",NA,"130","100.8",12,4,2.484906649788,1.38629436111989,-0.0121453204188822,-0.0850339110589409
"12070750",NA,"Accra Zoo",2019-02-26 00:00:00,"2019-07-05","E.helvum","SA","M",NA,"140","103.2",12,5.25,2.484906649788,1.65822807660353,-0.0121453204188822,-0.041505507493036
"12068242",NA,"Accra Zoo",2019-02-26 00:00:00,"2019-07-05","E.helvum","SA","F",NA,"150","106",11,5.5,2.39789527279837,1.70474809223843,-0.0263529600401476,-0.0340590530846651
"12066969",NA,"Accra Zoo",2019-02-26 00:00:00,"2019-07-05","E.helvum","SA","M",NA,"120","103.5",12.25,8,2.50552593699074,2.07944154167984,-0.0087785032053269,0.0259180911682248
"4407291",NA,"Accra Zoo",2019-02-26 00:00:00,"2019-07-05","E.helvum","A","F",NA,"210","112.6",10,6.25,2.30258509299405,1.83258146374831,-0.0419156684323989,-0.0135967776570812
"12070543",NA,"Accra Zoo",2019-02-26 00:00:00,"2019-07-05","E.helvum","SA","F",NA,"130","103.5",13,3.75,2.56494935746154,1.32175583998232,0.000924441079909293,-0.0953645859023547
"5897965",NA,"Accra Zoo",2019-02-26 00:00:00,"2019-07-05","E.helvum","A","F",NA,"185","116.7",13.75,3,2.62103882411258,1.09861228866811,0.0100830012164991,-0.131083152603285
"12070223",NA,"Accra Zoo",2019-02-26 00:00:00,"2019-07-05","E.helvum","SA","M",NA,"140","108",12,5,2.484906649788,1.6094379124341,-0.0121453204188822,-0.0493153443580111
"12068125",NA,"Accra Zoo",2019-02-26 00:00:00,"2019-07-05","E.helvum","SA","M",NA,"140","100.1",11,6,2.39789527279837,1.79175946922805,-0.0263529600401476,-0.0201311503761188
"12066549",NA,"Accra Zoo",2019-02-26 00:00:00,"2019-07-05","E.helvum","SA","F",NA,"160","111.3",23.75,7,3.16758253048065,1.94591014905531,0.0993253082112924,0.00454373405130761
"12069722",NA,"Accra Zoo",2019-02-26 00:00:00,"2019-07-05","E.helvum","SA","M",NA,"140","106",19,7.25,2.94443897916644,1.98100146886658,0.0628893469546456,0.0101607982233194
"12066996",NA,"Accra Zoo",2019-02-26 00:00:00,"2019-07-05","E.helvum","SA","M",NA,"160","105",21.75,9,3.07961375753469,2.19722457733622,0.0849613403351141,0.0447716103067035
"5903174",NA,"Accra Zoo",2019-02-26 00:00:00,"2019-07-05","E.helvum","A","M",NA,"180","118.7",21,6.5,3.04452243772342,1.87180217690159,0.0792314594510026,-0.00731872189175511
"5896540",NA,"Accra Zoo",2019-02-26 00:00:00,"2019-07-05","E.helvum","A","M",NA,"170","119",24.5,6.5,3.19867311755068,1.87180217690159,0.104401930050724,-0.00731872189175511
